-- MySQL dump 10.13  Distrib 5.6.25, for osx10.10 (x86_64)
--
-- Host: localhost    Database: betterlearning
-- ------------------------------------------------------
-- Server version	5.6.25

/*!40101 SET @OLD_CHARACTER_SET_CLIENT=@@CHARACTER_SET_CLIENT */;
/*!40101 SET @OLD_CHARACTER_SET_RESULTS=@@CHARACTER_SET_RESULTS */;
/*!40101 SET @OLD_COLLATION_CONNECTION=@@COLLATION_CONNECTION */;
/*!40101 SET NAMES utf8 */;
/*!40103 SET @OLD_TIME_ZONE=@@TIME_ZONE */;
/*!40103 SET TIME_ZONE='+00:00' */;
/*!40014 SET @OLD_UNIQUE_CHECKS=@@UNIQUE_CHECKS, UNIQUE_CHECKS=0 */;
/*!40014 SET @OLD_FOREIGN_KEY_CHECKS=@@FOREIGN_KEY_CHECKS, FOREIGN_KEY_CHECKS=0 */;
/*!40101 SET @OLD_SQL_MODE=@@SQL_MODE, SQL_MODE='NO_AUTO_VALUE_ON_ZERO' */;
/*!40111 SET @OLD_SQL_NOTES=@@SQL_NOTES, SQL_NOTES=0 */;

--
-- Table structure for table `auth_group`
--

DROP TABLE IF EXISTS `auth_group`;
/*!40101 SET @saved_cs_client     = @@character_set_client */;
/*!40101 SET character_set_client = utf8 */;
CREATE TABLE `auth_group` (
  `id` int(11) NOT NULL AUTO_INCREMENT,
  `name` varchar(80) NOT NULL,
  PRIMARY KEY (`id`),
  UNIQUE KEY `name` (`name`)
) ENGINE=InnoDB DEFAULT CHARSET=utf8;
/*!40101 SET character_set_client = @saved_cs_client */;

--
-- Dumping data for table `auth_group`
--

LOCK TABLES `auth_group` WRITE;
/*!40000 ALTER TABLE `auth_group` DISABLE KEYS */;
/*!40000 ALTER TABLE `auth_group` ENABLE KEYS */;
UNLOCK TABLES;

--
-- Table structure for table `auth_group_permissions`
--

DROP TABLE IF EXISTS `auth_group_permissions`;
/*!40101 SET @saved_cs_client     = @@character_set_client */;
/*!40101 SET character_set_client = utf8 */;
CREATE TABLE `auth_group_permissions` (
  `id` int(11) NOT NULL AUTO_INCREMENT,
  `group_id` int(11) NOT NULL,
  `permission_id` int(11) NOT NULL,
  PRIMARY KEY (`id`),
  UNIQUE KEY `group_id` (`group_id`,`permission_id`),
  KEY `auth_group__permission_id_1f49ccbbdc69d2fc_fk_auth_permission_id` (`permission_id`),
  CONSTRAINT `auth_group__permission_id_1f49ccbbdc69d2fc_fk_auth_permission_id` FOREIGN KEY (`permission_id`) REFERENCES `auth_permission` (`id`),
  CONSTRAINT `auth_group_permission_group_id_689710a9a73b7457_fk_auth_group_id` FOREIGN KEY (`group_id`) REFERENCES `auth_group` (`id`)
) ENGINE=InnoDB DEFAULT CHARSET=utf8;
/*!40101 SET character_set_client = @saved_cs_client */;

--
-- Dumping data for table `auth_group_permissions`
--

LOCK TABLES `auth_group_permissions` WRITE;
/*!40000 ALTER TABLE `auth_group_permissions` DISABLE KEYS */;
/*!40000 ALTER TABLE `auth_group_permissions` ENABLE KEYS */;
UNLOCK TABLES;

--
-- Table structure for table `auth_permission`
--

DROP TABLE IF EXISTS `auth_permission`;
/*!40101 SET @saved_cs_client     = @@character_set_client */;
/*!40101 SET character_set_client = utf8 */;
CREATE TABLE `auth_permission` (
  `id` int(11) NOT NULL AUTO_INCREMENT,
  `name` varchar(255) NOT NULL,
  `content_type_id` int(11) NOT NULL,
  `codename` varchar(100) NOT NULL,
  PRIMARY KEY (`id`),
  UNIQUE KEY `content_type_id` (`content_type_id`,`codename`),
  CONSTRAINT `auth__content_type_id_508cf46651277a81_fk_django_content_type_id` FOREIGN KEY (`content_type_id`) REFERENCES `django_content_type` (`id`)
) ENGINE=InnoDB AUTO_INCREMENT=37 DEFAULT CHARSET=utf8;
/*!40101 SET character_set_client = @saved_cs_client */;

--
-- Dumping data for table `auth_permission`
--

LOCK TABLES `auth_permission` WRITE;
/*!40000 ALTER TABLE `auth_permission` DISABLE KEYS */;
INSERT INTO `auth_permission` VALUES (1,'Can add log entry',1,'add_logentry'),(2,'Can change log entry',1,'change_logentry'),(3,'Can delete log entry',1,'delete_logentry'),(4,'Can add permission',2,'add_permission'),(5,'Can change permission',2,'change_permission'),(6,'Can delete permission',2,'delete_permission'),(7,'Can add group',3,'add_group'),(8,'Can change group',3,'change_group'),(9,'Can delete group',3,'delete_group'),(10,'Can add user',4,'add_user'),(11,'Can change user',4,'change_user'),(12,'Can delete user',4,'delete_user'),(13,'Can add content type',5,'add_contenttype'),(14,'Can change content type',5,'change_contenttype'),(15,'Can delete content type',5,'delete_contenttype'),(16,'Can add session',6,'add_session'),(17,'Can change session',6,'change_session'),(18,'Can delete session',6,'delete_session'),(19,'Can add user profile',7,'add_userprofile'),(20,'Can change user profile',7,'change_userprofile'),(21,'Can delete user profile',7,'delete_userprofile'),(22,'Can add messages',8,'add_messages'),(23,'Can change messages',8,'change_messages'),(24,'Can delete messages',8,'delete_messages'),(25,'Can add sessions',9,'add_sessions'),(26,'Can change sessions',9,'change_sessions'),(27,'Can delete sessions',9,'delete_sessions'),(28,'Can add content look up',10,'add_contentlookup'),(29,'Can change content look up',10,'change_contentlookup'),(30,'Can delete content look up',10,'delete_contentlookup'),(31,'Can add training',11,'add_training'),(32,'Can change training',11,'change_training'),(33,'Can delete training',11,'delete_training'),(34,'Can add prediction',12,'add_prediction'),(35,'Can change prediction',12,'change_prediction'),(36,'Can delete prediction',12,'delete_prediction');
/*!40000 ALTER TABLE `auth_permission` ENABLE KEYS */;
UNLOCK TABLES;

--
-- Table structure for table `auth_user`
--

DROP TABLE IF EXISTS `auth_user`;
/*!40101 SET @saved_cs_client     = @@character_set_client */;
/*!40101 SET character_set_client = utf8 */;
CREATE TABLE `auth_user` (
  `id` int(11) NOT NULL AUTO_INCREMENT,
  `password` varchar(128) NOT NULL,
  `last_login` datetime(6) DEFAULT NULL,
  `is_superuser` tinyint(1) NOT NULL,
  `username` varchar(30) NOT NULL,
  `first_name` varchar(30) NOT NULL,
  `last_name` varchar(30) NOT NULL,
  `email` varchar(254) NOT NULL,
  `is_staff` tinyint(1) NOT NULL,
  `is_active` tinyint(1) NOT NULL,
  `date_joined` datetime(6) NOT NULL,
  PRIMARY KEY (`id`),
  UNIQUE KEY `username` (`username`)
) ENGINE=InnoDB AUTO_INCREMENT=46 DEFAULT CHARSET=utf8;
/*!40101 SET character_set_client = @saved_cs_client */;

--
-- Dumping data for table `auth_user`
--

LOCK TABLES `auth_user` WRITE;
/*!40000 ALTER TABLE `auth_user` DISABLE KEYS */;
INSERT INTO `auth_user` VALUES (1,'pbkdf2_sha256$20000$wtgtyXMs1aXe$pq6BqfHCCZkgyoqj3Cs9kbyJRJRrR0l8m743PnUOob0=','2016-03-21 05:10:57.379972',0,'Frank Xia','Frank','Xia','fake@fa.com',0,1,'2016-03-21 05:10:57.379994'),(2,'pbkdf2_sha256$20000$QSYH0SttQLjc$Q4tSFks0YnoBscuNHZ/krbWyoFrjLL1VMcqKNLOAxCQ=','2016-03-21 05:19:23.030505',0,'Debbie C','Debbie','C','fake@fa.com',0,1,'2016-03-21 05:19:23.030527'),(3,'pbkdf2_sha256$20000$9kOfdID8b6H6$TFSqSBx1YS92Jzoi0v5UUyDl31Mh7fqrW28Xw6oxGJU=','2016-03-21 05:32:27.308000',0,'CoCo K','CoCo','K','fake@fa.com',0,1,'2016-03-21 05:32:27.308024'),(4,'pbkdf2_sha256$20000$0fYpRZ75ZyxZ$lwfWZzdoHmjjdlzvmz05j0qWMr3m1p4Cy4IGSmdWfQA=','2016-03-21 05:34:49.762584',0,'Jl k','Jl','k','fake@fa.com',0,1,'2016-03-21 05:34:49.762609'),(5,'pbkdf2_sha256$20000$yzHdjc0MHCaS$C4dLngyi3gM9VLS01LIM/FwzkZYVUWvWrqL0lgSXArQ=','2016-03-21 05:36:44.576377',0,'sss kk','sss','kk','fake@fa.com',0,1,'2016-03-21 05:36:44.576399'),(6,'pbkdf2_sha256$20000$QOm9hAtXOhkQ$JRmlLPse82RB0DyCm6viZpB6EuRnFHYM+Saqmx6UBwo=','2016-03-21 05:38:08.528194',0,'aaa n','aaa','n','fake@fa.com',0,1,'2016-03-21 05:38:08.528226'),(7,'pbkdf2_sha256$20000$NBn8AhjslIcO$sQUanpl+C1KCtRYNqH+Ly9YMxUp3qF2mWaJ5YpXbPvw=','2016-03-21 05:45:40.121500',0,'hello j','hello','j','fake@fa.com',0,1,'2016-03-21 05:45:40.121523'),(8,'pbkdf2_sha256$20000$IS8FvqQ0H62W$gVhhoR+6zdEHJ4PESPE2Lvb3m56fiHn5Vnq4kvLvFCA=','2016-03-21 05:55:15.913433',0,'Frank J','Frank','J','fake@fa.com',0,1,'2016-03-21 05:55:15.913452'),(9,'pbkdf2_sha256$20000$Omqx2YVaAiVL$DuJNPheSjypjxPTMeFAJN1h9rm3eRsaDhiKHcM+WbJA=','2016-03-21 05:58:45.493359',0,'dd j','dd','j','fake@fa.com',0,1,'2016-03-21 05:58:45.493389'),(10,'pbkdf2_sha256$20000$7iHPnDgPtR9w$K2vVvNU+qQrlnQ3lEK0r1MkwR7FSpZq7nCbQjAjaTfI=','2016-03-21 06:03:09.448386',0,'John K','John','K','fake@fa.com',0,1,'2016-03-21 06:03:09.448440'),(11,'pbkdf2_sha256$20000$8vxvd4RUfoA3$at/ViR+e8wAtVyTztucNjM4Yu6GlCUNZrFYj1eNAiWc=','2016-03-22 02:50:23.130941',0,'Frank Y','Frank','Y','fake@fa.com',0,1,'2016-03-22 02:50:23.130966'),(12,'pbkdf2_sha256$20000$bwvRPlCm75VR$6yMexvkAaLSGX7WpHw0mKLVa2d9iuG95/oDfDbYc0Tk=','2016-03-22 03:04:34.159086',0,'Debbie Cdd','Debbie','Cdd','fake@fa.com',0,1,'2016-03-22 03:04:34.159107'),(13,'pbkdf2_sha256$20000$oO34recaQXXF$FRgnn+hCNDiSgJ4mbHgn4aSOqwGTP4HCczmcESEMhug=','2016-03-22 23:27:37.250278',0,'ss v','ss','v','fake@fa.com',0,1,'2016-03-22 23:27:37.250313'),(14,'pbkdf2_sha256$20000$Y1xb97h4bOvh$qA6r3whpYyX8DLK9vlsuwCxduKs1FxGrnY6sZRIypgQ=','2016-03-22 23:33:09.141692',0,'Frank Xiadd','Frank','Xiadd','fake@fa.com',0,1,'2016-03-22 23:33:09.141740'),(15,'pbkdf2_sha256$20000$mwqNtyfRtfvs$KqhUdzyvRpoLt0t96vfPfiqkAFZeR/5IQRdyQO2Nixs=','2016-03-28 02:55:17.366722',0,'dd kk','dd','kk','fake@fa.com',0,1,'2016-03-28 02:55:17.366746'),(16,'pbkdf2_sha256$20000$tYmH5wLeFP4d$XEyy5i4GS4wetWV7CSBEh7CImj4MKpLx6ZWyfdpAmSY=','2016-03-31 01:48:52.117923',0,'Frank YuXia','Frank','YuXia','fake@fa.com',0,1,'2016-03-31 01:48:52.117944'),(17,'pbkdf2_sha256$20000$By57UShtv2Fu$96dybMSSrC1jjwfTPv3P/3BuQ+wICS3NK2IazXBwMGk=','2016-04-03 03:31:15.796250',0,'dddd kk','dddd','kk','dddd kk@fake.com',0,1,'2016-04-03 03:31:15.796276'),(18,'1235','2016-04-03 03:33:07.198887',0,'sssjjj','sss','jjj','sss jjj@fake.com',0,1,'2016-04-03 03:33:07.198914'),(19,'123','2016-04-03 04:57:38.396697',0,'JLY','JL','Y','JL Y@fake.com',0,1,'2016-04-03 04:57:38.396727'),(20,'pbkdf2_sha256$20000$EMNyUvhIfa2W$TbQSPa4X6EC7u/qMgtL2f0Fli5Y0Q+4FuiBkkGXlTN4=','2016-04-03 18:21:26.947204',0,'frankmm','frank','mm','frank mm@fake.com',0,1,'2016-04-03 18:21:26.947238'),(21,'pbkdf2_sha256$20000$MRXUto0U2ogQ$Fr5LWOBVhmsvfBX8ggvEHP9NUKSJadfZK7ZL52sztiA=','2016-04-03 18:26:41.168663',0,'dddd','ddd','d','dddd@fake.com',0,1,'2016-04-03 18:26:41.168692'),(22,'pbkdf2_sha256$20000$m42d96cRN1S2$OVkIOCmrq8ssbHiIjbKtW2YE+/w4CSAmA1cLfGPhI68=','2016-04-03 18:28:18.476000',0,'eeee','eee','e','eeee@fake.com',0,1,'2016-04-03 18:27:56.507333'),(23,'pbkdf2_sha256$20000$ubhVJQJZUg5q$4T618gcvOSPVJXPzvkbYj99C/j0e6dH/YmkykmAuwy4=','2016-04-10 19:54:13.243461',0,'FrankXIA','Frank','XIA','FrankXIA@fake.com',0,1,'2016-04-04 02:44:42.720709'),(24,'pbkdf2_sha256$20000$XIzRYqMP4noH$+DN0Z419Xqg+nHq249+mGIsnFwdF9GwkTC3El58Biy0=','2016-04-04 04:43:56.789476',0,'AliceX','Alice','X','AliceX@fake.com',0,1,'2016-04-04 04:42:18.080640'),(25,'pbkdf2_sha256$20000$cHTPb6vpYbGd$FuW1tJULpI3zJJOTMtrWAbyx54kwQQJWWl2Lk6IeCyg=','2016-04-06 19:31:30.097848',0,'jjjjkk','jjjj','kk','jjjjkk@fake.com',0,1,'2016-04-06 19:31:30.097872'),(26,'pbkdf2_sha256$20000$VQZahd1ue7q7$fC8LsSzeEuKigPjXwE6sQTSP07X45l0lSiQi4QfHpbo=','2016-04-11 02:40:18.106380',0,'SaiMa','Sai','Ma','SaiMa@fake.com',0,1,'2016-04-11 02:39:51.712108'),(27,'pbkdf2_sha256$20000$sQPDJw2AGd0B$2RsrjETBZq3evCJ9BelfSt3WxZPb8rVqM8hgzrZZ0d4=','2016-04-11 20:54:04.449436',0,'test1','test','1','test1@fake.com',0,1,'2016-04-11 20:53:27.853699'),(28,'pbkdf2_sha256$20000$MViVXN27dhVf$imwJG99x3t4oZBc3BWScl1iDBsMQV8MqXu8Tq9jaeaA=','2016-04-11 20:57:19.842705',0,'test2','test','2','test2@fake.com',0,1,'2016-04-11 20:57:00.954176'),(29,'pbkdf2_sha256$20000$lxHBBdCfkgWn$c+fGeN7z8d/uqM2GU1azQva6QDLwC2MCltnKqlpKk1E=','2016-04-11 21:09:46.374214',0,'test3','test','3','test3@fake.com',0,1,'2016-04-11 21:09:22.272339'),(30,'pbkdf2_sha256$20000$BwNkhgsrQMVl$p/F0QVGfaBLIesW4ZKrfJNEhJzOPADderqyCVDUYxmk=','2016-04-11 21:16:49.480779',0,'test4','test','4','test4@fake.com',0,1,'2016-04-11 21:16:09.197024'),(31,'pbkdf2_sha256$20000$x36kppAqugfu$SDRzpZYoP8t3BY7sa7sugqBdTPkJtWGQdvtfaJrCLFU=','2016-04-11 21:42:02.423183',0,'test5','test','5','test5@fake.com',0,1,'2016-04-11 21:41:42.525765'),(32,'pbkdf2_sha256$20000$51Kl2VehtrTB$Ls/yFQAubsjNb6G2uc/CrXGXHBQyeflez6g7L/jOLB4=','2016-04-11 23:22:47.883574',0,'test6','test','6','test6@fake.com',0,1,'2016-04-11 23:22:08.085359'),(33,'pbkdf2_sha256$20000$mKkhn5whHiPO$p8+BSAPyX5Orxn/DJjb1ad0ig0BclMb/mJMW+cDelBw=','2016-04-11 23:23:19.258526',0,'test7','test','7','test7@fake.com',0,1,'2016-04-11 23:23:19.258550'),(35,'pbkdf2_sha256$20000$VPhApcLqshs1$mQQBmug25J42QpKy5D8NFKOMQSql9jH92/ZmYOqxtRc=','2016-04-11 23:23:59.097871',0,'test8','test','8','test8@fake.com',0,1,'2016-04-11 23:23:59.097900'),(36,'pbkdf2_sha256$20000$p2cjIdvJAs9b$FJKhNswXgTpnbno3SVp9gIhzV/4XZyzSfWfPCOcxWsQ=','2016-04-11 23:24:53.606414',0,'test9','test','9','test9@fake.com',0,1,'2016-04-11 23:24:53.606441'),(37,'pbkdf2_sha256$20000$WKb6hXojBaHK$TWoF1wV4CyYOWA07Mf7WP+mXViV9DpiRSv4zciFLzqY=','2016-04-11 23:27:38.767459',0,'test10','test','10','test10@fake.com',0,1,'2016-04-11 23:27:03.925312'),(38,'pbkdf2_sha256$20000$8CccgQ56t8Dd$cZa/JB3Rd5Eu5WI+wVJiip/sksUe1AugO+04pnJCZeM=','2016-04-12 02:46:28.624606',0,'FrankYXia','Frank','YXia','FrankYXia@fake.com',0,1,'2016-04-12 02:45:47.832815'),(39,'pbkdf2_sha256$20000$77lCt12GSdIz$/MPuRdC3izquR0+8wRXY+0MFfl4Bx7yvRrIKqB+Yitg=','2016-04-13 21:18:12.139935',0,'test11','test','11','test11@fake.com',0,1,'2016-04-13 21:17:51.831472'),(41,'pbkdf2_sha256$20000$Q4JvBFdGsdsC$IR4iU+c0pVe3ZMm3DpgpMRDs0voXBEFxfjKA0ejf6ik=','2016-04-13 22:51:51.580301',0,'test12','test','12','test12@fake.com',0,1,'2016-04-13 22:51:33.073777'),(42,'pbkdf2_sha256$20000$XnbEithJEDNF$9cNIxlj8cV9BdZ/WhvkooI6irISlod//QO2Hh/9ewTY=','2016-04-17 01:54:43.401463',0,'test13','test','13','test13@fake.com',0,1,'2016-04-17 01:54:22.952529'),(43,'pbkdf2_sha256$20000$R3sD3JwBHElk$2V2vhxsZLUvIEFOWVBU94xDJGzL5ue7oRN6NzsLhzxc=','2016-04-17 02:06:10.356638',0,'Frank1','Frank','1','Frank1@fake.com',0,1,'2016-04-17 02:05:42.435562'),(44,'pbkdf2_sha256$20000$d1p1l7Qbnu7y$J/3uk+Lu8X0pHpKjYbDIkmVo4Xq42rigRs0WTaRjRMk=','2016-04-18 04:39:58.272182',0,'JoseA','Jose','A','JoseA@fake.com',0,1,'2016-04-18 04:38:53.116338'),(45,'pbkdf2_sha256$20000$U2w5KwtVMsCx$l8LmS7vHBytvohdQn5u5qz/G+bS3uNIClxm4VTA/JsI=','2016-04-24 02:20:41.243320',0,'Frank2','Frank','2','Frank2@fake.com',0,1,'2016-04-24 02:20:23.675971');
/*!40000 ALTER TABLE `auth_user` ENABLE KEYS */;
UNLOCK TABLES;

--
-- Table structure for table `auth_user_groups`
--

DROP TABLE IF EXISTS `auth_user_groups`;
/*!40101 SET @saved_cs_client     = @@character_set_client */;
/*!40101 SET character_set_client = utf8 */;
CREATE TABLE `auth_user_groups` (
  `id` int(11) NOT NULL AUTO_INCREMENT,
  `user_id` int(11) NOT NULL,
  `group_id` int(11) NOT NULL,
  PRIMARY KEY (`id`),
  UNIQUE KEY `user_id` (`user_id`,`group_id`),
  KEY `auth_user_groups_group_id_33ac548dcf5f8e37_fk_auth_group_id` (`group_id`),
  CONSTRAINT `auth_user_groups_group_id_33ac548dcf5f8e37_fk_auth_group_id` FOREIGN KEY (`group_id`) REFERENCES `auth_group` (`id`),
  CONSTRAINT `auth_user_groups_user_id_4b5ed4ffdb8fd9b0_fk_auth_user_id` FOREIGN KEY (`user_id`) REFERENCES `auth_user` (`id`)
) ENGINE=InnoDB DEFAULT CHARSET=utf8;
/*!40101 SET character_set_client = @saved_cs_client */;

--
-- Dumping data for table `auth_user_groups`
--

LOCK TABLES `auth_user_groups` WRITE;
/*!40000 ALTER TABLE `auth_user_groups` DISABLE KEYS */;
/*!40000 ALTER TABLE `auth_user_groups` ENABLE KEYS */;
UNLOCK TABLES;

--
-- Table structure for table `auth_user_user_permissions`
--

DROP TABLE IF EXISTS `auth_user_user_permissions`;
/*!40101 SET @saved_cs_client     = @@character_set_client */;
/*!40101 SET character_set_client = utf8 */;
CREATE TABLE `auth_user_user_permissions` (
  `id` int(11) NOT NULL AUTO_INCREMENT,
  `user_id` int(11) NOT NULL,
  `permission_id` int(11) NOT NULL,
  PRIMARY KEY (`id`),
  UNIQUE KEY `user_id` (`user_id`,`permission_id`),
  KEY `auth_user_u_permission_id_384b62483d7071f0_fk_auth_permission_id` (`permission_id`),
  CONSTRAINT `auth_user_u_permission_id_384b62483d7071f0_fk_auth_permission_id` FOREIGN KEY (`permission_id`) REFERENCES `auth_permission` (`id`),
  CONSTRAINT `auth_user_user_permissi_user_id_7f0938558328534a_fk_auth_user_id` FOREIGN KEY (`user_id`) REFERENCES `auth_user` (`id`)
) ENGINE=InnoDB DEFAULT CHARSET=utf8;
/*!40101 SET character_set_client = @saved_cs_client */;

--
-- Dumping data for table `auth_user_user_permissions`
--

LOCK TABLES `auth_user_user_permissions` WRITE;
/*!40000 ALTER TABLE `auth_user_user_permissions` DISABLE KEYS */;
/*!40000 ALTER TABLE `auth_user_user_permissions` ENABLE KEYS */;
UNLOCK TABLES;

--
-- Table structure for table `django_admin_log`
--

DROP TABLE IF EXISTS `django_admin_log`;
/*!40101 SET @saved_cs_client     = @@character_set_client */;
/*!40101 SET character_set_client = utf8 */;
CREATE TABLE `django_admin_log` (
  `id` int(11) NOT NULL AUTO_INCREMENT,
  `action_time` datetime(6) NOT NULL,
  `object_id` longtext,
  `object_repr` varchar(200) NOT NULL,
  `action_flag` smallint(5) unsigned NOT NULL,
  `change_message` longtext NOT NULL,
  `content_type_id` int(11) DEFAULT NULL,
  `user_id` int(11) NOT NULL,
  PRIMARY KEY (`id`),
  KEY `djang_content_type_id_697914295151027a_fk_django_content_type_id` (`content_type_id`),
  KEY `django_admin_log_user_id_52fdd58701c5f563_fk_auth_user_id` (`user_id`),
  CONSTRAINT `djang_content_type_id_697914295151027a_fk_django_content_type_id` FOREIGN KEY (`content_type_id`) REFERENCES `django_content_type` (`id`),
  CONSTRAINT `django_admin_log_user_id_52fdd58701c5f563_fk_auth_user_id` FOREIGN KEY (`user_id`) REFERENCES `auth_user` (`id`)
) ENGINE=InnoDB DEFAULT CHARSET=utf8;
/*!40101 SET character_set_client = @saved_cs_client */;

--
-- Dumping data for table `django_admin_log`
--

LOCK TABLES `django_admin_log` WRITE;
/*!40000 ALTER TABLE `django_admin_log` DISABLE KEYS */;
/*!40000 ALTER TABLE `django_admin_log` ENABLE KEYS */;
UNLOCK TABLES;

--
-- Table structure for table `django_content_type`
--

DROP TABLE IF EXISTS `django_content_type`;
/*!40101 SET @saved_cs_client     = @@character_set_client */;
/*!40101 SET character_set_client = utf8 */;
CREATE TABLE `django_content_type` (
  `id` int(11) NOT NULL AUTO_INCREMENT,
  `app_label` varchar(100) NOT NULL,
  `model` varchar(100) NOT NULL,
  PRIMARY KEY (`id`),
  UNIQUE KEY `django_content_type_app_label_45f3b1d93ec8c61c_uniq` (`app_label`,`model`)
) ENGINE=InnoDB AUTO_INCREMENT=13 DEFAULT CHARSET=utf8;
/*!40101 SET character_set_client = @saved_cs_client */;

--
-- Dumping data for table `django_content_type`
--

LOCK TABLES `django_content_type` WRITE;
/*!40000 ALTER TABLE `django_content_type` DISABLE KEYS */;
INSERT INTO `django_content_type` VALUES (1,'admin','logentry'),(3,'auth','group'),(2,'auth','permission'),(4,'auth','user'),(5,'contenttypes','contenttype'),(10,'education','contentlookup'),(8,'education','messages'),(12,'education','prediction'),(9,'education','sessions'),(11,'education','training'),(7,'education','userprofile'),(6,'sessions','session');
/*!40000 ALTER TABLE `django_content_type` ENABLE KEYS */;
UNLOCK TABLES;

--
-- Table structure for table `django_migrations`
--

DROP TABLE IF EXISTS `django_migrations`;
/*!40101 SET @saved_cs_client     = @@character_set_client */;
/*!40101 SET character_set_client = utf8 */;
CREATE TABLE `django_migrations` (
  `id` int(11) NOT NULL AUTO_INCREMENT,
  `app` varchar(255) NOT NULL,
  `name` varchar(255) NOT NULL,
  `applied` datetime(6) NOT NULL,
  PRIMARY KEY (`id`)
) ENGINE=InnoDB AUTO_INCREMENT=24 DEFAULT CHARSET=utf8;
/*!40101 SET character_set_client = @saved_cs_client */;

--
-- Dumping data for table `django_migrations`
--

LOCK TABLES `django_migrations` WRITE;
/*!40000 ALTER TABLE `django_migrations` DISABLE KEYS */;
INSERT INTO `django_migrations` VALUES (1,'contenttypes','0001_initial','2016-03-07 02:53:01.042444'),(2,'auth','0001_initial','2016-03-07 02:53:01.279007'),(3,'education','0001_initial','2016-03-07 02:53:01.600680'),(4,'contenttypes','0002_remove_content_type_name','2016-03-07 02:53:11.625316'),(5,'admin','0001_initial','2016-03-07 02:58:09.636623'),(6,'auth','0002_alter_permission_name_max_length','2016-03-07 02:58:09.665778'),(7,'auth','0003_alter_user_email_max_length','2016-03-07 02:58:09.701306'),(8,'auth','0004_alter_user_username_opts','2016-03-07 02:58:09.711798'),(9,'auth','0005_alter_user_last_login_null','2016-03-07 02:58:09.753301'),(10,'auth','0006_require_contenttypes_0002','2016-03-07 02:58:09.756466'),(11,'sessions','0001_initial','2016-03-07 02:58:09.799595'),(12,'education','0002_auto_20160321_0223','2016-03-21 02:24:02.479047'),(13,'education','0003_auto_20160321_0228','2016-03-21 02:28:18.527240'),(14,'education','0004_sessions_user','2016-04-01 23:00:35.699529'),(15,'education','0005_auto_20160403_0404','2016-04-03 04:05:03.328662'),(16,'education','0006_auto_20160403_2325','2016-04-03 23:25:40.340959'),(17,'education','0007_auto_20160403_2332','2016-04-03 23:32:13.302486'),(18,'education','0008_auto_20160403_2333','2016-04-03 23:33:12.327050'),(19,'education','0009_prediction_training','2016-04-04 02:44:16.913943'),(20,'education','0010_sessions_uuid','2016-04-11 04:50:51.700948'),(21,'education','0011_auto_20160411_1843','2016-04-11 18:43:10.482890'),(22,'education','0012_prediction_training','2016-04-11 20:32:04.863020'),(23,'education','0013_auto_20160412_1757','2016-04-12 17:57:30.093602');
/*!40000 ALTER TABLE `django_migrations` ENABLE KEYS */;
UNLOCK TABLES;

--
-- Table structure for table `django_session`
--

DROP TABLE IF EXISTS `django_session`;
/*!40101 SET @saved_cs_client     = @@character_set_client */;
/*!40101 SET character_set_client = utf8 */;
CREATE TABLE `django_session` (
  `session_key` varchar(40) NOT NULL,
  `session_data` longtext NOT NULL,
  `expire_date` datetime(6) NOT NULL,
  PRIMARY KEY (`session_key`),
  KEY `django_session_de54fa62` (`expire_date`)
) ENGINE=InnoDB DEFAULT CHARSET=utf8;
/*!40101 SET character_set_client = @saved_cs_client */;

--
-- Dumping data for table `django_session`
--

LOCK TABLES `django_session` WRITE;
/*!40000 ALTER TABLE `django_session` DISABLE KEYS */;
INSERT INTO `django_session` VALUES ('egmi0v5tb3d19kwbyooelrepx2sy80jp','NDAxYTM4OTMwZWI0YWQ3NzA4NzEyOWViMWI5MDkwN2RlZGJlZDZhMzp7Il9hdXRoX3VzZXJfaGFzaCI6ImI0ZDQyNDBkMzhhNWJmZTA2ZjVkZjhkNDZlM2Y0MGFjNzU5ODhmYzAiLCJfYXV0aF91c2VyX2JhY2tlbmQiOiJkamFuZ28uY29udHJpYi5hdXRoLmJhY2tlbmRzLk1vZGVsQmFja2VuZCIsIl9hdXRoX3VzZXJfaWQiOiIyMyJ9','2016-04-18 04:10:00.895234'),('gowwx36hq8r84o2hk5uz8hj0djaqn5x4','ZDI1YTRlNTZmMGVlZDFiMzMwNjQ1Zjk5YTUxZGUwNTczZTVkYTRjYjp7Il9hdXRoX3VzZXJfaGFzaCI6ImY3YjYxMTAzMTgwMTE4YTA5ZDBmOTBmYzlmN2QwMDNiZDBhODVkYzgiLCJfYXV0aF91c2VyX2JhY2tlbmQiOiJkamFuZ28uY29udHJpYi5hdXRoLmJhY2tlbmRzLk1vZGVsQmFja2VuZCIsIl9hdXRoX3VzZXJfaWQiOiI0NSJ9','2016-05-08 02:20:41.244918'),('n68xucgh6dmlmsnafozij3jhqxzl2tee','ZTljMjEyMzU0ZjhkNzNmYWQyMWRmYjM1NDk2MDc4ZDRjYzUyMzg3Mzp7Il9hdXRoX3VzZXJfaGFzaCI6ImU1MDcxMjljMWYzOWMyNDMzZjYxMjZhZGQ3NmQ4Y2RlMmVhYzNhZWMiLCJfYXV0aF91c2VyX2JhY2tlbmQiOiJkamFuZ28uY29udHJpYi5hdXRoLmJhY2tlbmRzLk1vZGVsQmFja2VuZCIsIl9hdXRoX3VzZXJfaWQiOiIyNCJ9','2016-04-18 04:43:56.791023'),('w5mu11m1351f4bmq595ptlgm2i92krre','NDAxYTM4OTMwZWI0YWQ3NzA4NzEyOWViMWI5MDkwN2RlZGJlZDZhMzp7Il9hdXRoX3VzZXJfaGFzaCI6ImI0ZDQyNDBkMzhhNWJmZTA2ZjVkZjhkNDZlM2Y0MGFjNzU5ODhmYzAiLCJfYXV0aF91c2VyX2JhY2tlbmQiOiJkamFuZ28uY29udHJpYi5hdXRoLmJhY2tlbmRzLk1vZGVsQmFja2VuZCIsIl9hdXRoX3VzZXJfaWQiOiIyMyJ9','2016-04-20 19:32:23.093657');
/*!40000 ALTER TABLE `django_session` ENABLE KEYS */;
UNLOCK TABLES;

--
-- Table structure for table `education_contentlookup`
--

DROP TABLE IF EXISTS `education_contentlookup`;
/*!40101 SET @saved_cs_client     = @@character_set_client */;
/*!40101 SET character_set_client = utf8 */;
CREATE TABLE `education_contentlookup` (
  `id` int(11) NOT NULL AUTO_INCREMENT,
  `level` int(11) DEFAULT NULL,
  `step` int(11) DEFAULT NULL,
  `content_pk` int(11) DEFAULT NULL,
  `content_type` varchar(256) DEFAULT NULL,
  `course` int(11),
  `answer` varchar(32),
  PRIMARY KEY (`id`),
  KEY `education_contentlookup_c9e9a848` (`level`),
  KEY `education_contentlookup_2764ca9d` (`step`),
  KEY `education_contentlookup_046d4767` (`course`)
) ENGINE=InnoDB AUTO_INCREMENT=30 DEFAULT CHARSET=utf8;
/*!40101 SET character_set_client = @saved_cs_client */;

--
-- Dumping data for table `education_contentlookup`
--

LOCK TABLES `education_contentlookup` WRITE;
/*!40000 ALTER TABLE `education_contentlookup` DISABLE KEYS */;
INSERT INTO `education_contentlookup` VALUES (1,0,0,3,'msg',0,NULL),(2,0,1,4,'msg',0,NULL),(3,0,2,5,'msg',0,NULL),(4,0,3,8,'msg',0,NULL),(5,0,4,7,'msg',0,NULL),(6,0,0,9,'msg',3,NULL),(7,0,1,11,'msg',3,'5'),(8,0,2,12,'msg',3,'12'),(9,0,3,13,'msg',3,'12'),(10,0,4,14,'msg',3,'17'),(11,0,5,15,'msg',3,'15'),(12,1,1,16,'msg',3,'17'),(13,1,2,17,'msg',3,'21'),(14,1,3,18,'msg',3,'25'),(15,1,4,19,'msg',3,'48'),(16,1,5,20,'msg',3,'37'),(17,2,1,21,'msg',3,'39'),(18,2,2,22,'msg',3,'98'),(19,2,3,23,'msg',3,'35'),(20,2,4,24,'msg',3,'53'),(21,2,5,25,'msg',3,'44'),(22,3,1,27,'msg',3,'93'),(23,3,2,28,'msg',3,'65'),(24,3,3,29,'msg',3,'38'),(25,3,4,30,'msg',3,'16'),(26,3,5,31,'msg',3,'25'),(27,1,0,32,'msg',3,''),(28,2,0,33,'msg',3,''),(29,3,0,34,'msg',3,'');
/*!40000 ALTER TABLE `education_contentlookup` ENABLE KEYS */;
UNLOCK TABLES;

--
-- Table structure for table `education_messages`
--

DROP TABLE IF EXISTS `education_messages`;
/*!40101 SET @saved_cs_client     = @@character_set_client */;
/*!40101 SET character_set_client = utf8 */;
CREATE TABLE `education_messages` (
  `id` int(11) NOT NULL AUTO_INCREMENT,
  `type` int(11) NOT NULL,
  `content` longtext,
  `created` datetime(6) NOT NULL,
  `session_id` int(11) DEFAULT NULL,
  `user_id` int(11) DEFAULT NULL,
  PRIMARY KEY (`id`),
  KEY `education_messages_e2fa5388` (`created`),
  KEY `education_messages_7fc8ef54` (`session_id`),
  KEY `education_messages_e8701ad4` (`user_id`),
  CONSTRAINT `education_m_session_id_273bd231a6d63b12_fk_education_sessions_id` FOREIGN KEY (`session_id`) REFERENCES `education_sessions` (`id`),
  CONSTRAINT `education_messages_user_id_1bc29bbd62570cf4_fk_auth_user_id` FOREIGN KEY (`user_id`) REFERENCES `auth_user` (`id`)
) ENGINE=InnoDB AUTO_INCREMENT=576 DEFAULT CHARSET=utf8;
/*!40101 SET character_set_client = @saved_cs_client */;

--
-- Dumping data for table `education_messages`
--

LOCK TABLES `education_messages` WRITE;
/*!40000 ALTER TABLE `education_messages` DISABLE KEYS */;
INSERT INTO `education_messages` VALUES (3,2,'Hello, what\'s your name(First Last)?','2016-03-09 01:37:25.127826',NULL,NULL),(4,2,'Awesome! Nice to meet you, {name}~\nNow tell me how old are you?','2016-03-09 01:37:25.127826',NULL,NULL),(5,2,'Super! Ok, {name}, next, tell me what do you like?','2016-03-09 01:37:25.127826',NULL,NULL),(6,2,'Wow, so cool! {name}, may I know what is your favorite cartoon charaters? You may choose one here.','2016-03-09 01:37:25.127826',NULL,NULL),(7,2,'Nice choice! {name}, I can\'t wait to introduce you to our personalized courses for you, please click on Courses now.','2016-03-09 01:37:25.127826',NULL,NULL),(8,2,'Now please let me know a password you would like to use to login next time, remember your username is {username}','2016-03-09 01:37:25.127826',NULL,NULL),(9,2,'Glad to see you again, {name}!\nBefore we begin, shall I know how good are you at math?\nI know you are already very good at it, but would you finish a short quiz for me to better instruct you on Math?\nClick Ready to take the quiz.\n','2016-03-09 01:37:25.127826',NULL,NULL),(11,2,'2 + 3 =\n','2016-03-09 01:37:25.127826',NULL,NULL),(12,2,'5 + 7 =\n','2016-03-09 01:37:25.127826',NULL,NULL),(13,2,'9 + 3 =\n','2016-03-09 01:37:25.127826',NULL,NULL),(14,2,'8 + 9 =\n','2016-03-09 01:37:25.127826',NULL,NULL),(15,2,'10 + 5 =\n','2016-03-09 01:37:25.127826',NULL,NULL),(16,2,'13 + 4 =\n','2016-03-09 01:37:25.127826',NULL,NULL),(17,2,'27 - 6 =\n','2016-03-09 01:37:25.127826',NULL,NULL),(18,2,'34 - 9 =\n','2016-03-09 01:37:25.127826',NULL,NULL),(19,2,'56 - 8 =\n','2016-03-09 01:37:25.127826',NULL,NULL),(20,2,'43 - 6 =\n','2016-03-09 01:37:25.127826',NULL,NULL),(21,2,'17 + 22 =\n','2016-03-09 01:37:25.127826',NULL,NULL),(22,2,'87 + 11 =\n','2016-03-09 01:37:25.127826',NULL,NULL),(23,2,'49 - 14 =\n','2016-03-09 01:37:25.127826',NULL,NULL),(24,2,'63 - 10 =\n','2016-03-09 01:37:25.127826',NULL,NULL),(25,2,'79 - 35 =\n','2016-03-09 01:37:25.127826',NULL,NULL),(26,1,'15','2016-04-04 00:06:29.011987',10,22),(27,2,'19 + 74 =\n','2016-03-09 01:37:25.127826',NULL,NULL),(28,2,'39 + 26 =\n','2016-03-09 01:37:25.127826',NULL,NULL),(29,2,'67 - 29 =\n','2016-03-09 01:37:25.127826',NULL,NULL),(30,2,'54 - 38 =\n','2016-03-09 01:37:25.127826',NULL,NULL),(31,2,'62 - 37 =\n','2016-03-09 01:37:25.127826',NULL,NULL),(32,2,'Good job, {name}! Just a few more~Click on ready','2016-03-09 01:37:25.127826',NULL,NULL),(33,2,'Awesome, {name}! Just a few more~Click on ready','2016-03-09 01:37:25.127826',NULL,NULL),(34,2,'Impressive, {name}! Just a few more~Click on ready','2016-03-09 01:37:25.127826',NULL,NULL),(35,1,'5','2016-04-04 02:46:06.164564',11,22),(36,1,'13','2016-04-04 02:46:16.025117',12,22),(37,1,'12','2016-04-04 02:46:24.265676',13,22),(38,1,'17','2016-04-04 02:46:34.818175',14,22),(39,1,'15','2016-04-04 02:46:40.359633',15,22),(40,1,'5','2016-04-04 04:45:03.326422',17,24),(41,1,'12','2016-04-04 04:45:08.303968',18,24),(42,1,'6','2016-04-04 04:45:12.284137',19,24),(43,1,'17','2016-04-04 04:45:18.723093',20,24),(44,1,'5','2016-04-06 19:33:32.219548',22,23),(45,1,'5','2016-04-11 02:19:24.888034',71,23),(46,1,'5','2016-04-11 02:40:41.594654',81,26),(47,1,'12','2016-04-11 02:40:45.181563',82,26),(48,1,'2','2016-04-11 02:40:48.644555',83,26),(49,1,'17','2016-04-11 02:40:52.193351',84,26),(50,1,'15','2016-04-11 02:40:55.502172',85,26),(51,1,'15','2016-04-11 03:27:23.164075',85,26),(52,1,'15','2016-04-11 03:28:18.526109',85,26),(53,1,'15','2016-04-11 03:28:56.433318',85,26),(54,1,'2','2016-04-11 03:32:01.831485',86,26),(55,1,'2','2016-04-11 03:32:04.213754',87,26),(56,1,'2','2016-04-11 03:32:06.759492',88,26),(57,1,'12','2016-04-11 03:32:10.015310',89,26),(58,1,'12','2016-04-11 03:34:03.882618',90,26),(59,1,'12','2016-04-11 03:34:23.362556',90,26),(60,1,'3','2016-04-11 03:35:11.778165',91,26),(61,1,'3','2016-04-11 03:35:13.497474',92,26),(62,1,'3','2016-04-11 03:35:15.096239',93,26),(63,1,'3','2016-04-11 03:36:01.060159',93,26),(64,1,'17','2016-04-11 03:36:05.827946',94,26),(65,1,'12','2016-04-11 03:36:08.526392',95,26),(66,1,'12','2016-04-11 03:39:55.294068',96,26),(67,1,'12','2016-04-11 03:40:45.851045',97,26),(68,1,'12','2016-04-11 03:41:38.359658',98,26),(69,1,'5','2016-04-11 03:46:54.261363',99,26),(70,1,'12','2016-04-11 03:46:57.214124',100,26),(71,1,'12','2016-04-11 03:46:59.940692',101,26),(72,1,'17','2016-04-11 03:47:03.579075',102,26),(73,1,'4','2016-04-11 03:47:06.390455',103,26),(74,1,'4','2016-04-11 03:47:59.552765',103,26),(75,1,'4','2016-04-11 03:49:12.395273',103,26),(76,1,'4','2016-04-11 03:51:48.170049',103,26),(77,1,'4','2016-04-11 04:07:07.234107',103,26),(78,1,'4','2016-04-11 04:16:14.007414',103,26),(79,1,'15','2016-04-11 04:16:45.691650',103,26),(80,1,'4','2016-04-11 05:00:10.586181',105,26),(81,1,'12','2016-04-11 05:01:25.766272',108,26),(82,1,'12','2016-04-11 05:05:31.393001',111,26),(83,1,'12','2016-04-11 05:07:08.267597',114,26),(84,1,'12','2016-04-11 05:07:14.152179',117,26),(85,1,'12','2016-04-11 05:07:48.123081',120,26),(86,1,'12','2016-04-11 05:07:50.319750',123,26),(87,1,'11','2016-04-11 05:07:54.180940',126,26),(88,1,'13','2016-04-11 05:07:57.225763',129,26),(89,1,'15','2016-04-11 05:08:00.333940',132,26),(90,1,'3','2016-04-11 05:08:55.546073',135,26),(91,1,'12','2016-04-11 05:09:53.521297',138,26),(92,1,'12','2016-04-11 05:10:38.821969',141,26),(93,1,'13','2016-04-11 05:10:41.999556',144,26),(94,1,'13','2016-04-11 05:12:10.719102',147,26),(95,1,'2','2016-04-11 05:12:21.164390',150,26),(96,1,'12','2016-04-11 05:12:52.090326',153,26),(97,1,'12','2016-04-11 17:24:59.918740',165,26),(98,1,'17','2016-04-11 17:25:27.178891',168,26),(99,1,'15','2016-04-11 17:25:31.792749',169,26),(100,1,'5','2016-04-11 17:43:19.702982',170,26),(101,1,'12','2016-04-11 17:43:22.700334',171,26),(102,1,'12','2016-04-11 17:43:24.792901',172,26),(103,1,'3','2016-04-11 17:43:31.004218',173,26),(104,1,'15','2016-04-11 17:43:33.535799',174,26),(105,1,'5','2016-04-11 17:47:46.808825',175,26),(106,1,'12','2016-04-11 17:47:49.178389',176,26),(107,1,'12','2016-04-11 17:47:51.216355',177,26),(108,1,'17','2016-04-11 17:47:53.621840',178,26),(109,1,'15','2016-04-11 17:47:56.065880',179,26),(110,1,'5','2016-04-11 20:48:13.099173',180,26),(111,1,'12','2016-04-11 20:48:16.624145',181,26),(112,1,'12','2016-04-11 20:48:23.479249',182,26),(113,1,'17','2016-04-11 20:48:29.714866',183,26),(114,1,'15','2016-04-11 20:48:36.788669',184,26),(115,1,'5','2016-04-11 20:49:37.047769',185,26),(116,1,'12','2016-04-11 20:49:39.382060',186,26),(117,1,'12','2016-04-11 20:49:41.560444',187,26),(118,1,'17','2016-04-11 20:49:44.023137',188,26),(119,1,'15','2016-04-11 20:49:46.359629',189,26),(120,1,'3','2016-04-11 20:51:23.459617',190,26),(121,1,'12','2016-04-11 20:51:26.454714',191,26),(122,1,'12','2016-04-11 20:51:29.114121',192,26),(123,1,'17','2016-04-11 20:51:31.518923',193,26),(124,1,'15','2016-04-11 20:51:34.163379',194,26),(125,1,'3','2016-04-11 20:52:27.660562',195,26),(126,1,'12','2016-04-11 20:52:31.675084',196,26),(127,1,'11','2016-04-11 20:52:34.831348',197,26),(128,1,'14','2016-04-11 20:52:39.960213',198,26),(129,1,'15','2016-04-11 20:52:43.884416',199,26),(130,1,'5','2016-04-11 20:54:19.097626',200,27),(131,1,'12','2016-04-11 20:54:21.395866',201,27),(132,1,'12','2016-04-11 20:54:23.753049',202,27),(133,1,'17','2016-04-11 20:54:26.363448',203,27),(134,1,'15','2016-04-11 20:54:28.684592',204,27),(135,1,'2','2016-04-11 20:55:00.411853',205,27),(136,1,'12','2016-04-11 20:55:02.376370',206,27),(137,1,'12','2016-04-11 20:55:03.918275',207,27),(138,1,'17','2016-04-11 20:55:06.259426',208,27),(139,1,'15','2016-04-11 20:55:09.199271',209,27),(140,1,'5','2016-04-11 20:55:35.828803',210,27),(141,1,'3','2016-04-11 20:55:41.220474',211,27),(142,1,'12','2016-04-11 20:55:45.228034',212,27),(143,1,'17','2016-04-11 20:55:54.607935',213,27),(144,1,'15','2016-04-11 20:55:57.276567',214,27),(145,1,'2','2016-04-11 20:56:17.708703',215,27),(146,1,'2','2016-04-11 20:56:24.837684',216,27),(147,1,'12','2016-04-11 20:56:27.856652',217,27),(148,1,'17','2016-04-11 20:56:33.657104',218,27),(149,1,'15','2016-04-11 20:56:36.164654',219,27),(150,1,'5','2016-04-11 20:58:03.036061',220,28),(151,1,'12','2016-04-11 20:58:07.170734',221,28),(152,1,'12','2016-04-11 20:58:11.761760',222,28),(153,1,'17','2016-04-11 20:58:16.254126',223,28),(154,1,'15','2016-04-11 20:58:19.870122',224,28),(155,1,'5','2016-04-11 20:58:51.377031',225,28),(156,1,'12','2016-04-11 20:58:56.275959',226,28),(157,1,'12','2016-04-11 20:59:04.053326',227,28),(158,1,'17','2016-04-11 20:59:10.552277',228,28),(159,1,'15','2016-04-11 20:59:16.462302',229,28),(160,1,'5','2016-04-11 21:00:00.343671',230,28),(161,1,'12','2016-04-11 21:00:02.428008',231,28),(162,1,'12','2016-04-11 21:00:04.285261',232,28),(163,1,'17','2016-04-11 21:00:06.848951',233,28),(164,1,'15','2016-04-11 21:00:08.806673',234,28),(165,1,'1','2016-04-11 21:05:57.761320',235,28),(166,1,'12','2016-04-11 21:06:03.866405',236,28),(167,1,'12','2016-04-11 21:06:07.802555',237,28),(168,1,'17','2016-04-11 21:06:12.039432',238,28),(169,1,'15','2016-04-11 21:06:15.377486',239,28),(170,1,'5','2016-04-11 21:06:47.711071',240,28),(171,1,'2','2016-04-11 21:06:50.143523',241,28),(172,1,'12','2016-04-11 21:06:55.625463',242,28),(173,1,'12','2016-04-11 21:06:58.460848',243,28),(174,1,'15','2016-04-11 21:07:01.582947',244,28),(175,1,'2','2016-04-11 21:08:44.346152',245,28),(176,1,'1','2016-04-11 21:08:46.069629',246,28),(177,1,'2','2016-04-11 21:08:48.207411',247,28),(178,1,'17','2016-04-11 21:08:53.426060',248,28),(179,1,'2','2016-04-11 21:08:55.274918',249,28),(180,1,'5','2016-04-11 21:09:57.546551',250,29),(181,1,'12','2016-04-11 21:10:00.248422',251,29),(182,1,'12','2016-04-11 21:10:02.577044',252,29),(183,1,'17','2016-04-11 21:10:08.332564',253,29),(184,1,'15','2016-04-11 21:10:11.031217',254,29),(185,1,'5','2016-04-11 21:10:49.985517',255,29),(186,1,'12','2016-04-11 21:10:56.794695',256,29),(187,1,'12','2016-04-11 21:11:05.622335',257,29),(188,1,'17','2016-04-11 21:11:15.566005',258,29),(189,1,'15','2016-04-11 21:11:19.996628',259,29),(190,1,'1','2016-04-11 21:11:47.594511',260,29),(191,1,'12','2016-04-11 21:11:54.730515',261,29),(192,1,'12','2016-04-11 21:11:57.902576',262,29),(193,1,'17','2016-04-11 21:12:05.077042',263,29),(194,1,'15','2016-04-11 21:12:07.782295',264,29),(195,1,'5','2016-04-11 21:12:39.792520',265,29),(196,1,'1','2016-04-11 21:12:42.408259',266,29),(197,1,'12','2016-04-11 21:12:51.928762',267,29),(198,1,'1','2016-04-11 21:12:54.478461',268,29),(199,1,'15','2016-04-11 21:12:57.026476',269,29),(200,1,'2','2016-04-11 21:13:22.700037',270,29),(201,1,'12','2016-04-11 21:13:25.046012',271,29),(202,1,'12','2016-04-11 21:13:30.050051',272,29),(203,1,'2','2016-04-11 21:13:31.893095',273,29),(204,1,'2','2016-04-11 21:13:34.974620',274,29),(205,1,'5','2016-04-11 21:17:00.770945',275,30),(206,1,'12','2016-04-11 21:17:04.359586',276,30),(207,1,'12','2016-04-11 21:17:06.877647',277,30),(208,1,'17','2016-04-11 21:17:09.896243',278,30),(209,1,'15','2016-04-11 21:17:12.656657',279,30),(210,1,'5','2016-04-11 21:17:48.448344',280,30),(211,1,'12','2016-04-11 21:17:55.685878',281,30),(212,1,'12','2016-04-11 21:18:01.374624',282,30),(213,1,'17','2016-04-11 21:18:06.994474',283,30),(214,1,'15','2016-04-11 21:18:11.141459',284,30),(215,1,'3','2016-04-11 21:18:42.299090',285,30),(216,1,'12','2016-04-11 21:18:44.946377',286,30),(217,1,'12','2016-04-11 21:18:50.779625',287,30),(218,1,'17','2016-04-11 21:18:53.494015',288,30),(219,1,'15','2016-04-11 21:18:56.471414',289,30),(220,1,'5','2016-04-11 21:19:21.010882',290,30),(221,1,'2','2016-04-11 21:19:23.299009',291,30),(222,1,'12','2016-04-11 21:19:30.492597',292,30),(223,1,'2','2016-04-11 21:19:32.542743',293,30),(224,1,'15','2016-04-11 21:19:37.059418',294,30),(225,1,'5','2016-04-11 21:20:00.225126',295,30),(226,1,'1','2016-04-11 21:20:08.873078',296,30),(227,1,'12','2016-04-11 21:20:20.620083',297,30),(228,1,'17','2016-04-11 21:20:32.905256',298,30),(229,1,'15','2016-04-11 21:20:49.507054',299,30),(230,1,'5','2016-04-11 21:42:15.547419',300,31),(231,1,'12','2016-04-11 21:42:17.896063',301,31),(232,1,'12','2016-04-11 21:42:20.826496',302,31),(233,1,'17','2016-04-11 21:42:24.167512',303,31),(234,1,'15','2016-04-11 21:42:26.421863',304,31),(235,1,'5','2016-04-11 21:45:16.782057',305,31),(236,1,'12','2016-04-11 21:45:33.602389',306,31),(237,1,'12','2016-04-11 21:45:45.703334',307,31),(238,1,'17','2016-04-11 21:45:55.850455',308,31),(239,1,'15','2016-04-11 21:46:01.929122',309,31),(240,1,'3','2016-04-11 21:46:38.073963',310,31),(241,1,'12','2016-04-11 21:46:39.898788',311,31),(242,1,'12','2016-04-11 21:46:41.549518',312,31),(243,1,'17','2016-04-11 21:46:44.009173',313,31),(244,1,'15','2016-04-11 21:46:46.917122',314,31),(245,1,'5','2016-04-11 21:47:58.526092',315,31),(246,1,'2','2016-04-11 21:48:00.311987',316,31),(247,1,'12','2016-04-11 21:48:04.907921',317,31),(248,1,'17','2016-04-11 21:48:07.791716',318,31),(249,1,'15','2016-04-11 21:48:13.395370',319,31),(250,1,'3','2016-04-11 21:48:34.832152',320,31),(251,1,'12','2016-04-11 21:48:38.892438',321,31),(252,1,'2','2016-04-11 21:48:41.718759',322,31),(253,1,'17','2016-04-11 21:48:45.247855',323,31),(254,1,'15','2016-04-11 21:48:49.011377',324,31),(255,1,'5','2016-04-11 23:27:56.710389',325,37),(256,1,'12','2016-04-11 23:28:02.804146',326,37),(257,1,'2','2016-04-11 23:28:07.404484',327,37),(258,1,'17','2016-04-11 23:28:10.542216',328,37),(259,1,'15','2016-04-11 23:28:14.595104',329,37),(260,1,'15','2016-04-11 23:30:36.676867',329,37),(261,1,'5','2016-04-12 02:46:50.391863',330,38),(262,1,'12','2016-04-12 02:47:12.629491',331,38),(263,1,'12','2016-04-12 02:47:28.458899',332,38),(264,1,'17','2016-04-12 02:47:45.164857',333,38),(265,1,'15','2016-04-12 02:47:53.282298',334,38),(266,1,'5','2016-04-12 20:11:51.831022',335,38),(267,1,'12','2016-04-12 20:11:54.510032',336,38),(268,1,'12','2016-04-12 20:11:56.640316',337,38),(269,1,'17','2016-04-12 20:11:59.304856',338,38),(270,1,'15','2016-04-12 20:12:01.822138',339,38),(271,1,'15','2016-04-12 20:13:27.142293',339,38),(272,1,'15','2016-04-12 20:21:13.527777',339,38),(273,1,'15','2016-04-12 20:23:39.142856',339,38),(274,1,'15','2016-04-12 21:17:22.534394',339,38),(275,1,'2','2016-04-12 21:58:44.771702',340,38),(276,1,'2','2016-04-12 21:58:46.101764',341,38),(277,1,'2','2016-04-12 21:58:47.300855',342,38),(278,1,'2','2016-04-12 21:58:48.642574',343,38),(279,1,'2','2016-04-12 21:58:49.821384',344,38),(280,1,'2','2016-04-12 22:52:24.767847',344,38),(281,1,'2','2016-04-12 22:53:17.860569',344,38),(282,1,'2','2016-04-12 22:54:32.298186',344,38),(283,1,'2','2016-04-12 22:54:49.943338',344,38),(284,1,'2','2016-04-12 22:55:47.454912',344,38),(285,1,'2','2016-04-12 23:03:43.089342',344,38),(286,1,'5','2016-04-12 23:03:54.740101',345,38),(287,1,'12','2016-04-12 23:03:56.986722',346,38),(288,1,'12','2016-04-12 23:03:58.881063',347,38),(289,1,'17','2016-04-12 23:04:01.355859',348,38),(290,1,'15','2016-04-12 23:04:03.448647',349,38),(291,1,'5','2016-04-13 01:28:43.106274',350,38),(292,1,'12','2016-04-13 01:28:45.785929',351,38),(293,1,'12','2016-04-13 01:28:49.574308',352,38),(294,1,'17','2016-04-13 01:28:52.053115',353,38),(295,1,'15','2016-04-13 01:28:54.399692',354,38),(296,1,'5','2016-04-13 02:26:03.156724',360,38),(297,1,'12','2016-04-13 02:26:05.972420',361,38),(298,1,'12','2016-04-13 02:26:08.097080',362,38),(299,1,'17','2016-04-13 02:26:10.901806',363,38),(300,1,'15','2016-04-13 02:26:13.111495',364,38),(301,1,'15','2016-04-13 02:28:03.718672',364,38),(302,1,'15','2016-04-13 02:28:52.421416',364,38),(303,1,'624','2016-04-13 03:05:41.853276',369,38),(304,1,'491','2016-04-13 03:06:13.972706',371,38),(305,1,'2','2016-04-13 03:06:17.586755',372,38),(306,1,'391','2016-04-13 03:06:24.136495',373,38),(307,1,'831','2016-04-13 03:07:12.388151',374,38),(308,1,'817','2016-04-13 03:09:07.033585',375,38),(309,1,'694','2016-04-13 03:09:15.533252',376,38),(310,1,'450','2016-04-13 03:09:21.841967',377,38),(311,1,'143','2016-04-13 03:09:27.766279',378,38),(312,1,'526','2016-04-13 03:09:32.323466',379,38),(313,1,'636','2016-04-13 21:14:24.037266',380,38),(314,1,'179','2016-04-13 21:14:29.001027',381,38),(315,1,'597','2016-04-13 21:14:34.903205',382,38),(316,1,'910','2016-04-13 21:14:39.877036',383,38),(317,1,'150','2016-04-13 21:14:44.627789',384,38),(318,1,'5','2016-04-13 21:18:30.975132',385,39),(319,1,'12','2016-04-13 21:18:33.470049',386,39),(320,1,'12','2016-04-13 21:18:36.299325',387,39),(321,1,'17','2016-04-13 21:18:38.997199',388,39),(322,1,'15','2016-04-13 21:18:45.459135',389,39),(323,1,'93','2016-04-13 21:19:05.475065',390,39),(324,1,'65','2016-04-13 21:19:13.075290',391,39),(325,1,'38','2016-04-13 21:19:21.232304',392,39),(326,1,'38','2016-04-13 21:19:35.889730',392,39),(327,1,'38','2016-04-13 21:20:24.876552',392,39),(328,1,'38','2016-04-13 21:20:34.862780',393,39),(329,1,'16','2016-04-13 21:20:41.082809',394,39),(330,1,'25','2016-04-13 21:20:49.223800',395,39),(331,1,'13','2016-04-13 22:14:34.299961',396,39),(332,1,'2','2016-04-13 22:14:36.864639',397,39),(333,1,'10','2016-04-13 22:14:39.681249',398,39),(334,1,'1','2016-04-13 22:14:41.978616',399,39),(335,1,'3','2016-04-13 22:14:44.161677',400,39),(336,1,'3','2016-04-13 22:19:55.536486',401,39),(337,1,'36','2016-04-13 22:20:00.155325',402,39),(338,1,'2','2016-04-13 22:20:02.299890',403,39),(339,1,'46','2016-04-13 22:20:05.020154',404,39),(340,1,'34','2016-04-13 22:20:09.023304',405,39),(341,1,'292','2016-04-13 22:21:34.765576',406,39),(342,1,'705','2016-04-13 22:21:40.938864',407,39),(343,1,'641','2016-04-13 22:21:48.183821',408,39),(344,1,'489','2016-04-13 22:21:52.927568',409,39),(345,1,'466','2016-04-13 22:21:57.572995',410,39),(346,1,'19','2016-04-13 22:26:52.971465',411,39),(347,1,'25','2016-04-13 22:26:56.757985',412,39),(348,1,'12','2016-04-13 22:26:59.261730',413,39),(349,1,'22','2016-04-13 22:27:01.622399',414,39),(350,1,'43','2016-04-13 22:27:06.307592',415,39),(351,1,'2','2016-04-13 22:28:17.405772',416,39),(352,1,'25','2016-04-13 22:28:24.119505',417,39),(353,1,'53','2016-04-13 22:28:28.462909',418,39),(354,1,'34','2016-04-13 22:28:32.498539',419,39),(355,1,'47','2016-04-13 22:28:36.357017',420,39),(356,1,'350','2016-04-13 22:43:38.955130',421,39),(357,1,'824','2016-04-13 22:43:44.779163',422,39),(358,1,'440','2016-04-13 22:43:51.756120',423,39),(359,1,'2','2016-04-13 22:44:56.499769',424,39),(360,1,'2','2016-04-13 22:45:00.544752',425,39),(361,1,'2','2016-04-13 22:45:13.545306',426,39),(362,1,'2','2016-04-13 22:45:37.569353',427,39),(363,1,'2','2016-04-13 22:45:39.364491',428,39),(364,1,'2','2016-04-13 22:45:41.627558',429,39),(365,1,'975','2016-04-13 22:45:46.619855',430,39),(366,1,'14','2016-04-13 22:52:03.531750',431,41),(367,1,'5','2016-04-13 22:52:06.323784',432,41),(368,1,'14','2016-04-13 22:52:09.121158',433,41),(369,1,'-8','2016-04-13 22:52:14.531606',434,41),(370,1,'-4','2016-04-13 22:52:19.040188',435,41),(371,1,'-4','2016-04-13 22:53:15.422419',435,41),(372,1,'24','2016-04-13 22:53:32.610731',436,41),(373,1,'3','2016-04-13 22:53:34.705810',437,41),(374,1,'0','2016-04-13 22:53:37.522591',438,41),(375,1,'-2','2016-04-13 22:53:40.492083',439,41),(376,1,'19','2016-04-13 22:53:43.907018',440,41),(377,1,'39','2016-04-13 22:57:11.743451',441,41),(378,1,'8','2016-04-13 22:57:14.823645',442,41),(379,1,'30','2016-04-13 22:57:18.194603',443,41),(380,1,'38','2016-04-13 22:57:21.493328',444,41),(381,1,'53','2016-04-13 22:57:24.815289',445,41),(382,1,'16','2016-04-13 22:59:39.173559',446,41),(383,1,'32','2016-04-13 22:59:44.351157',447,41),(384,1,'-3','2016-04-13 22:59:47.585187',448,41),(385,1,'24','2016-04-13 22:59:50.516789',449,41),(386,1,'36','2016-04-13 22:59:53.681271',450,41),(387,1,'69','2016-04-13 23:01:10.016210',451,41),(388,1,'79','2016-04-13 23:01:13.132304',452,41),(389,1,'38','2016-04-13 23:01:20.440747',453,41),(390,1,'23','2016-04-13 23:01:23.656069',454,41),(391,1,'54','2016-04-13 23:01:27.654073',455,41),(392,1,'7','2016-04-17 01:09:05.154102',456,41),(393,1,'5','2016-04-17 01:09:07.612428',457,41),(394,1,'26','2016-04-17 01:09:14.496085',458,41),(395,1,'19','2016-04-17 01:09:18.381362',459,41),(396,1,'16','2016-04-17 01:09:21.853589',460,41),(397,1,'41','2016-04-17 01:09:30.432231',461,41),(398,1,'34','2016-04-17 01:09:33.964940',462,41),(399,1,'10','2016-04-17 01:09:37.193817',463,41),(400,1,'18','2016-04-17 01:09:41.419228',464,41),(401,1,'4','2016-04-17 01:09:44.164357',465,41),(402,1,'2','2016-04-17 01:54:52.888287',466,42),(403,1,'5','2016-04-17 01:54:55.355676',467,42),(404,1,'-3','2016-04-17 01:54:58.546251',468,42),(405,1,'16','2016-04-17 01:55:01.280153',469,42),(406,1,'-2','2016-04-17 01:55:04.350580',470,42),(407,1,'-74','2016-04-17 01:55:17.130246',471,42),(408,1,'21','2016-04-17 01:55:19.771180',472,42),(409,1,'74','2016-04-17 01:55:24.663048',473,42),(410,1,'-50','2016-04-17 01:55:28.934430',474,42),(411,1,'91','2016-04-17 01:55:34.637244',475,42),(412,1,'381','2016-04-17 01:55:48.579711',476,42),(413,1,'351','2016-04-17 01:55:52.545740',477,42),(414,1,'137','2016-04-17 01:55:56.303446',478,42),(415,1,'990','2016-04-17 01:56:02.780040',479,42),(416,1,'738','2016-04-17 01:56:08.381752',480,42),(417,1,'5','2016-04-17 01:58:35.057249',481,42),(418,1,'12','2016-04-17 01:58:42.076085',482,42),(419,1,'125','2016-04-17 01:58:48.600312',483,42),(420,1,'92','2016-04-17 01:58:55.685068',484,42),(421,1,'102','2016-04-17 01:59:03.704976',485,42),(422,1,'14','2016-04-17 01:59:38.345377',486,42),(423,1,'67','2016-04-17 01:59:41.606418',487,42),(424,1,'109','2016-04-17 01:59:46.395988',488,42),(425,1,'-33','2016-04-17 01:59:54.077412',489,42),(426,1,'-58','2016-04-17 01:59:59.981348',490,42),(427,1,'122','2016-04-17 02:00:25.354764',491,42),(428,1,'44','2016-04-17 02:00:28.384576',492,42),(429,1,'124','2016-04-17 02:00:35.794621',493,42),(430,1,'110','2016-04-17 02:00:42.247637',494,42),(431,1,'89','2016-04-17 02:00:45.917706',495,42),(432,1,'6','2016-04-17 02:01:27.616905',496,42),(433,1,'7','2016-04-17 02:01:30.131369',497,42),(434,1,'2','2016-04-17 02:01:34.801134',498,42),(435,1,'-20','2016-04-17 02:01:39.157816',499,42),(436,1,'31','2016-04-17 02:01:42.794947',500,42),(437,1,'4','2016-04-17 02:02:31.353506',501,42),(438,1,'5','2016-04-17 02:02:33.615680',502,42),(439,1,'5','2016-04-17 02:02:35.907246',503,42),(440,1,'122','2016-04-17 02:02:45.293213',504,42),(441,1,'-6','2016-04-17 02:02:48.551483',505,42),(442,1,'5','2016-04-17 02:06:21.845778',506,43),(443,1,'1','2016-04-17 02:06:26.022454',507,43),(444,1,'5','2016-04-17 02:06:30.043413',508,43),(445,1,'14','2016-04-17 02:06:33.658840',509,43),(446,1,'1','2016-04-17 02:06:39.247611',510,43),(447,1,'102','2016-04-17 02:07:41.099761',511,43),(448,1,'54','2016-04-17 02:10:54.528179',513,43),(449,1,'108','2016-04-17 02:12:29.576537',514,43),(450,1,'69','2016-04-17 02:13:22.365016',515,43),(451,1,'116','2016-04-17 02:13:44.139844',516,43),(452,1,'693','2016-04-17 02:16:34.203745',517,43),(453,1,'898','2016-04-17 02:20:19.048974',518,43),(454,1,'970','2016-04-17 02:22:06.782798',519,43),(455,1,'730','2016-04-17 02:22:59.447990',520,43),(456,1,'906','2016-04-17 02:23:57.975793',521,43),(457,1,'847','2016-04-17 03:09:43.761994',522,43),(458,1,'332','2016-04-17 03:12:21.197807',523,43),(459,1,'508','2016-04-17 03:12:29.028590',524,43),(460,1,'466','2016-04-17 03:13:53.523278',525,43),(461,1,'702','2016-04-17 03:15:20.536574',526,43),(462,1,'133','2016-04-17 03:17:41.803008',527,43),(463,1,'13','2016-04-18 04:40:26.770141',529,44),(464,1,'9','2016-04-18 04:40:42.861980',530,44),(465,1,'1','2016-04-18 04:40:45.430917',531,44),(466,1,'13','2016-04-18 04:40:48.196433',532,44),(467,1,'6','2016-04-18 04:40:58.554355',533,44),(468,1,'3','2016-04-18 04:41:23.257962',534,44),(469,1,'54','2016-04-18 04:41:31.599217',535,44),(470,1,'90','2016-04-18 04:41:37.769899',536,44),(471,1,'69','2016-04-18 04:41:46.898898',537,44),(472,1,'109','2016-04-18 04:41:56.334214',538,44),(473,1,'67','2016-04-18 04:42:18.353231',539,44),(474,1,'949','2016-04-18 04:42:29.428548',540,44),(475,1,'67','2016-04-18 04:42:32.586456',541,44),(476,1,'250','2016-04-18 04:42:39.316144',542,44),(477,1,'5','2016-04-18 04:42:42.219187',543,44),(478,1,'892','2016-04-18 04:43:34.970842',544,44),(479,1,'493','2016-04-18 04:43:44.287514',545,44),(480,1,'975','2016-04-18 04:43:48.837473',546,44),(481,1,'297','2016-04-18 04:43:54.243373',547,44),(482,1,'882','2016-04-18 04:43:59.712700',548,44),(483,1,'0','2016-04-24 02:21:39.996528',550,45),(484,1,'1','2016-04-24 02:21:51.277913',551,45),(485,1,'7','2016-04-24 02:22:04.745956',552,45),(486,1,'10','2016-04-24 02:22:26.997993',553,45),(487,1,'2','2016-04-24 02:22:35.514641',554,45),(488,1,'324','2016-04-24 02:24:21.269618',555,45),(489,1,'247','2016-04-24 02:25:01.831288',556,45),(490,1,'','2016-04-24 02:25:43.748427',557,45),(491,1,'642','2016-04-24 02:26:41.937478',558,45),(492,1,'531','2016-04-24 02:28:11.029778',559,45),(493,1,'575','2016-04-24 02:33:06.685661',560,45),(494,1,'843','2016-04-24 02:34:01.807270',561,45),(495,1,'223','2016-04-24 02:34:29.879784',562,45),(496,1,'997','2016-04-24 02:35:18.330751',563,45),(497,1,'695','2016-04-24 02:37:35.899553',564,45),(498,1,'40','2016-04-24 03:48:46.111398',567,45),(499,1,'49','2016-04-24 03:48:49.321964',568,45),(500,1,'6','2016-04-24 03:48:53.263342',569,45),(501,1,'36','2016-04-24 03:49:01.980622',570,45),(502,1,'40','2016-04-24 03:49:05.015637',571,45),(503,1,'3','2016-04-24 03:55:47.350562',573,45),(504,1,'3','2016-04-24 03:55:49.113275',574,45),(505,1,'8','2016-04-24 03:55:51.840937',575,45),(506,1,'1','2016-04-24 03:55:53.629962',576,45),(507,1,'4','2016-04-24 03:55:56.258114',577,45),(508,1,'10','2016-04-24 03:58:54.201180',578,45),(509,1,'1','2016-04-24 03:58:56.445835',579,45),(510,1,'20','2016-04-24 03:58:58.992725',580,45),(511,1,'80','2016-04-24 03:59:01.640714',581,45),(512,1,'27','2016-04-24 03:59:04.777662',582,45),(513,1,'3','2016-04-24 03:59:47.898799',584,45),(514,1,'6','2016-04-24 03:59:50.051337',585,45),(515,1,'24','2016-04-24 03:59:52.577558',586,45),(516,1,'25','2016-04-24 03:59:54.977425',587,45),(517,1,'2','2016-04-24 03:59:57.089164',588,45),(518,1,'35','2016-04-24 04:00:40.023868',589,45),(519,1,'12','2016-04-24 04:00:42.205889',590,45),(520,1,'20','2016-04-24 04:00:45.929866',591,45),(521,1,'16','2016-04-24 04:00:48.186128',592,45),(522,1,'6','2016-04-24 04:00:50.302742',593,45),(523,1,'20','2016-04-24 04:01:14.595921',594,45),(524,1,'51','2016-04-24 04:01:17.278179',595,45),(525,1,'39','2016-04-24 04:01:22.061829',596,45),(526,1,'35','2016-04-24 04:01:27.424735',597,45),(527,1,'19','2016-04-24 04:01:30.249851',598,45),(528,1,'1049','2016-04-24 04:02:23.408468',599,45),(529,1,'55','2016-04-24 04:02:31.968981',600,45),(530,1,'68','2016-04-24 04:02:39.137789',601,45),(531,1,'1610','2016-04-24 04:02:50.548226',602,45),(532,1,'8','2016-04-24 04:02:58.625241',603,45),(533,1,'72','2016-04-24 04:04:17.192609',604,45),(534,1,'12','2016-04-24 04:04:19.383905',605,45),(535,1,'20','2016-04-24 04:04:23.676971',606,45),(536,1,'10','2016-04-24 04:04:29.099030',607,45),(537,1,'72','2016-04-24 04:04:33.570321',608,45),(538,1,'72','2016-04-24 04:06:00.273478',608,45),(539,1,'860','2016-04-24 04:06:14.966290',609,45),(540,1,'126','2016-04-24 04:06:25.039087',610,45),(541,1,'292','2016-04-24 04:06:35.796601',611,45),(542,1,'82','2016-04-24 04:06:38.895360',612,45),(543,1,'270','2016-04-24 04:06:42.282211',613,45),(544,1,'555','2016-04-24 04:08:11.487829',614,45),(545,1,'717','2016-04-24 04:08:20.133050',615,45),(546,1,'826','2016-04-24 04:08:29.044929',616,45),(547,1,'938','2016-04-24 04:08:37.594443',617,45),(548,1,'157','2016-04-24 04:08:46.905305',618,45),(549,1,'180','2016-04-24 04:09:22.086985',619,45),(550,1,'820','2016-04-24 04:09:35.613806',620,45),(551,1,'131','2016-04-24 04:09:49.767570',621,45),(552,1,'197','2016-04-24 04:09:58.912414',622,45),(553,1,'390','2016-04-24 04:10:07.094332',623,45),(554,1,'30','2016-04-24 04:10:32.132609',623,45),(555,1,'190','2016-04-24 04:11:35.092517',624,45),(556,1,'8','2016-04-24 04:11:38.597100',625,45),(557,1,'5','2016-04-24 04:11:41.626973',626,45),(558,1,'7','2016-04-24 04:11:46.940925',627,45),(559,1,'740','2016-04-24 04:11:59.693374',628,45),(560,1,'1','2016-04-24 04:12:39.888119',630,45),(561,1,'1','2016-04-24 04:12:41.729663',631,45),(562,1,'1','2016-04-24 04:12:43.542089',632,45),(563,1,'1','2016-04-24 04:12:45.265660',633,45),(564,1,'1','2016-04-24 04:12:47.073495',634,45),(565,1,'1','2016-04-24 04:19:19.304597',634,45),(566,1,'3','2016-04-24 04:19:46.916625',635,45),(567,1,'3','2016-04-24 04:19:48.537774',636,45),(568,1,'3','2016-04-24 04:19:49.974051',637,45),(569,1,'3','2016-04-24 04:19:51.507991',638,45),(570,1,'3','2016-04-24 04:19:53.735590',639,45),(571,1,'3','2016-04-24 04:20:10.100675',641,45),(572,1,'3','2016-04-24 04:20:12.185636',642,45),(573,1,'3','2016-04-24 04:20:14.105579',643,45),(574,1,'3','2016-04-24 04:20:15.877223',644,45),(575,1,'85','2016-04-24 04:20:20.227752',645,45);
/*!40000 ALTER TABLE `education_messages` ENABLE KEYS */;
UNLOCK TABLES;

--
-- Table structure for table `education_prediction`
--

DROP TABLE IF EXISTS `education_prediction`;
/*!40101 SET @saved_cs_client     = @@character_set_client */;
/*!40101 SET character_set_client = utf8 */;
CREATE TABLE `education_prediction` (
  `id` int(11) NOT NULL AUTO_INCREMENT,
  `base_personal` double DEFAULT NULL,
  `base_general` double DEFAULT NULL,
  `accumalated` double DEFAULT NULL,
  `current_level` int(11) DEFAULT NULL,
  `correct_num` int(11) DEFAULT NULL,
  `max_currect_momentum` int(11) DEFAULT NULL,
  `aver_speed_at_correct` double DEFAULT NULL,
  `best_speed_at_correct` double DEFAULT NULL,
  `next_level` int(11) DEFAULT NULL,
  `created` datetime(6) NOT NULL,
  `user_id` int(11) DEFAULT NULL,
  `training_id` int(11),
  `predict` tinyint(1) NOT NULL,
  PRIMARY KEY (`id`),
  KEY `education_prediction_user_id_424e723341a0c59d_fk_auth_user_id` (`user_id`),
  KEY `education_prediction_e2fa5388` (`created`),
  KEY `education_prediction_e160a0b9` (`training_id`),
  CONSTRAINT `education_p_training_id_bcb0664f13681c2_fk_education_training_id` FOREIGN KEY (`training_id`) REFERENCES `education_training` (`id`),
  CONSTRAINT `education_prediction_user_id_424e723341a0c59d_fk_auth_user_id` FOREIGN KEY (`user_id`) REFERENCES `auth_user` (`id`)
) ENGINE=InnoDB AUTO_INCREMENT=111 DEFAULT CHARSET=utf8;
/*!40101 SET character_set_client = @saved_cs_client */;

--
-- Dumping data for table `education_prediction`
--

LOCK TABLES `education_prediction` WRITE;
/*!40000 ALTER TABLE `education_prediction` DISABLE KEYS */;
INSERT INTO `education_prediction` VALUES (15,10,10,5,0,5,5,6.8,3,8,'2016-04-11 20:48:36.795091',26,28,0),(16,10,10,0,0,5,5,2,2,9,'2016-04-11 20:49:46.365099',7,28,0),(17,10,10,0,0,4,4,2,2,6,'2016-04-11 20:51:34.168309',8,28,0),(18,10,10,0,0,2,1,3.5,3,4,'2016-04-11 20:52:43.889931',9,28,0),(19,10,10,5,0,5,5,2,2,9,'2016-04-11 20:54:28.689965',27,28,0),(20,10,10,0,0,4,4,1.5,1,8,'2016-04-11 20:55:09.205448',10,28,0),(21,10,10,2,0,4,3,4,2,6,'2016-04-11 20:55:57.282538',11,28,0),(22,10,10,0,0,3,3,3.33333333333333,2,5,'2016-04-11 20:56:36.170249',12,28,0),(23,10,10,10,0,5,5,4.2,3,6,'2016-04-11 20:58:19.876013',28,28,0),(24,10,10,0,0,5,5,5.8,4,5,'2016-04-11 20:59:16.467927',13,28,0),(25,10,10,5,0,5,5,1.6,1,7,'2016-04-11 21:00:08.812993',14,28,0),(26,10,10,15,0,4,4,4,3,4,'2016-04-11 21:06:15.383328',15,28,0),(27,10,10,0,0,3,1,5,3,1,'2016-04-11 21:07:01.588351',16,28,0),(28,10,10,0,0,1,1,5,5,0,'2016-04-11 21:08:55.279853',17,28,0),(29,10,10,0,0,5,5,2.6,2,4,'2016-04-11 21:10:11.036459',29,28,0),(30,10,10,0,0,5,5,6.4,4,3,'2016-04-11 21:11:20.001747',18,28,0),(31,10,10,0,0,4,4,4.75,2,2,'2016-04-11 21:12:07.787536',19,28,0),(32,10,10,10,0,3,1,5,2,0,'2016-04-11 21:12:57.031629',20,28,0),(33,10,10,10,0,2,2,3,2,0,'2016-04-11 21:13:34.979323',21,28,0),(34,10,10,5,0,5,5,2.8,2,3,'2016-04-11 21:17:12.662279',30,28,0),(35,10,10,0,0,5,5,5.6,4,2,'2016-04-11 21:18:11.147895',22,28,0),(36,10,10,0,0,4,4,2.75,2,1,'2016-04-11 21:18:56.477290',23,28,0),(37,10,10,0,0,3,1,5.33333333333333,4,0,'2016-04-11 21:19:37.064621',24,28,0),(38,10,10,0,0,4,3,11.5,7,0,'2016-04-11 21:20:49.513571',25,28,0),(39,10,10,0,0,5,5,2.6,2,3,'2016-04-11 21:42:26.427681',31,28,0),(40,10,10,5,0,5,5,9.8,5,2,'2016-04-11 21:46:01.935165',32,28,0),(41,10,10,10,0,4,4,1.5,1,1,'2016-04-11 21:46:46.923391',33,28,0),(42,10,10,2,0,4,3,3.75,2,0,'2016-04-11 21:48:13.401434',35,28,0),(43,10,10,0,0,3,2,3.33333333333333,3,0,'2016-04-11 21:48:49.016889',36,28,0),(44,10,10,25,0,4,2,40.5,3,1,'2016-04-11 23:30:36.684779',37,28,0),(45,10,10,5,0,5,5,14.2,8,1,'2016-04-12 02:47:53.289648',38,28,0),(46,10,10,10,0,5,5,2.4,2,NULL,'2016-04-12 20:12:01.830288',38,12,1),(47,10,10,15,0,5,5,19.4,2,NULL,'2016-04-12 20:13:27.150214',38,12,1),(48,10,10,20,0,5,5,112.8,2,NULL,'2016-04-12 20:21:13.534923',38,12,1),(49,10,10,15,0,5,5,141.8,2,2,'2016-04-12 20:23:39.153155',38,28,0),(50,10,10,30,0,5,5,786.6,2,3,'2016-04-12 21:17:22.541295',38,12,1),(51,10,10,35,0,5,5,2,1,4,'2016-04-12 23:04:03.456132',38,12,1),(52,10,10,45,0,10,2,2.1,1,4,'2016-04-13 01:28:54.407243',38,12,1),(53,10,10,50,0,5,5,284.4,2,4,'2016-04-13 02:26:13.118383',38,12,1),(54,10,10,55,0,5,5,306.4,2,4,'2016-04-13 02:28:03.728027',38,12,1),(55,10,10,60,0,5,5,316.2,2,4,'2016-04-13 02:28:52.432258',38,12,1),(56,10,10,63,4,3,2,19.3333333333333,4,4,'2016-04-13 03:07:12.394833',38,12,1),(57,10,10,71,4,8,3,11,4,4,'2016-04-13 03:09:32.330252',38,12,1),(58,10,10,84,4,13,2,8.38461538461539,4,4,'2016-04-13 21:14:44.638952',38,12,1),(59,10,10,5,0,5,5,2.8,2,3,'2016-04-13 21:18:45.465321',39,28,0),(60,10,10,10,3,5,5,7.2,4,4,'2016-04-13 21:20:49.229965',39,28,0),(61,10,10,15,1,5,5,2.2,2,3,'2016-04-13 22:14:44.168599',39,28,0),(62,10,10,19,1,9,2,2.44444444444444,2,1,'2016-04-13 22:20:09.029572',39,12,1),(63,10,10,15,4,5,5,5.4,4,5,'2016-04-13 22:21:57.578615',39,28,0),(64,10,10,29,1,5,2,2.57142857142857,2,2,'2016-04-13 22:27:06.314278',39,28,0),(65,10,10,33,1,4,2,2.94444444444444,2,1,'2016-04-13 22:28:36.364801',39,28,0),(66,10,10,23,4,8,3,5.5,4,4,'2016-04-13 22:45:00.550927',39,12,1),(67,10,10,24,4,1,1,4,4,4,'2016-04-13 22:45:46.625696',39,12,1),(68,10,10,5,0,5,5,3.4,2,1,'2016-04-13 22:52:19.046023',41,NULL,1),(69,10,10,10,0,5,5,14.6,2,1,'2016-04-13 22:53:15.427789',41,NULL,1),(70,10,10,15,1,5,5,2.2,2,3,'2016-04-13 22:53:43.912870',41,28,0),(71,10,10,20,1,5,5,3.2,3,3,'2016-04-13 22:57:24.822563',41,28,0),(72,10,10,24,1,4,4,3.25,2,1,'2016-04-13 22:59:53.688426',41,28,0),(73,10,10,29,2,5,5,4,3,3,'2016-04-13 23:01:27.661216',41,28,0),(74,10,10,34,1,5,5,3.2,2,4,'2016-04-17 01:09:21.861081',41,28,0),(75,10,10,34,1,5,5,3,2,4,'2016-04-17 01:09:44.170514',41,28,0),(76,10,10,5,0,5,5,2.4,2,3,'2016-04-17 01:55:04.355972',42,28,0),(77,10,10,10,3,5,5,5,2,4,'2016-04-17 01:55:34.644065',42,28,0),(78,10,10,15,4,5,5,4.2,3,6,'2016-04-17 01:56:08.387840',42,28,0),(79,10,10,19,3,4,4,7,6,3,'2016-04-17 01:59:03.713624',42,28,0),(80,10,10,19,3,4,4,7.25,3,3,'2016-04-17 01:59:59.986771',42,28,0),(81,10,10,20,3,5,5,4.6,3,4,'2016-04-17 02:00:45.923401',42,28,0),(82,10,10,18,3,3,3,3.66666666666667,3,3,'2016-04-17 02:01:42.801008',42,28,0),(83,10,10,16,3,1,1,3,3,3,'2016-04-17 02:02:48.560723',42,28,0),(84,10,10,5,0,5,5,4.2,3,3,'2016-04-17 02:06:39.255208',43,28,0),(85,10,10,9,3,4,3,56.25,21,3,'2016-04-17 02:13:44.147611',43,28,0),(86,10,10,13,4,4,4,110.25,52,4,'2016-04-17 02:23:57.981497',43,28,0),(87,10,10,17,4,4,3,66.25,7,5,'2016-04-17 03:15:20.542814',43,NULL,1),(88,10,10,5,0,5,5,6.8,2,3,'2016-04-18 04:40:58.564567',44,NULL,1),(89,10,10,9,3,4,4,8,6,4,'2016-04-18 04:41:56.340327',44,28,0),(90,10,10,11,4,2,1,8.5,6,4,'2016-04-18 04:42:42.225310',44,28,0),(91,10,10,16,4,5,5,10.4,4,5,'2016-04-18 04:43:59.718337',44,28,0),(92,10,10,5,0,5,5,15.6,8,3,'2016-04-24 02:22:35.520743',45,28,0),(93,10,10,9,4,4,2,69.75,40,4,'2016-04-24 02:28:11.035625',45,28,0),(94,10,10,14,5,5,5,110.8,28,6,'2016-04-24 02:37:35.905011',45,28,0),(95,10,10,19,7,5,5,5.8,3,8,'2016-04-24 03:49:05.022230',45,28,0),(96,10,10,20,7,1,1,2,2,7,'2016-04-24 03:55:56.265826',45,28,0),(97,10,10,24,7,4,3,2.5,2,7,'2016-04-24 03:59:04.783274',45,28,0),(98,10,10,29,7,5,5,2,2,9,'2016-04-24 03:59:57.098298',45,28,0),(99,10,10,34,7,5,5,2.2,2,9,'2016-04-24 04:00:50.308254',45,28,0),(100,10,10,39,1,5,5,3,2,4,'2016-04-24 04:01:30.256256',45,28,0),(101,10,10,39,6,5,5,11,7,8,'2016-04-24 04:02:58.631785',45,28,0),(102,10,10,39,7,5,5,3.6,2,9,'2016-04-24 04:04:33.576055',45,28,0),(103,10,10,44,7,5,5,21,2,9,'2016-04-24 04:06:00.279460',45,28,0),(104,10,10,49,8,5,5,6,3,9,'2016-04-24 04:06:42.289071',45,28,0),(105,10,10,54,5,5,5,8.6,8,7,'2016-04-24 04:08:46.911292',45,28,0),(106,10,10,54,5,5,5,9.8,5,7,'2016-04-24 04:10:07.099908',45,28,0),(107,10,10,53,5,4,4,10.25,5,5,'2016-04-24 04:10:32.138790',45,28,0),(108,10,10,51,5,2,1,21.5,12,5,'2016-04-24 04:11:59.699263',45,28,0),(109,10,10,50,3,1,1,4,4,3,'2016-04-24 04:20:20.233477',45,28,0),(110,10,10,50,3,1,1,4,4,3,'2016-04-24 04:20:20.233477',45,28,0);
/*!40000 ALTER TABLE `education_prediction` ENABLE KEYS */;
UNLOCK TABLES;

--
-- Table structure for table `education_sessions`
--

DROP TABLE IF EXISTS `education_sessions`;
/*!40101 SET @saved_cs_client     = @@character_set_client */;
/*!40101 SET character_set_client = utf8 */;
CREATE TABLE `education_sessions` (
  `id` int(11) NOT NULL AUTO_INCREMENT,
  `level` int(11) DEFAULT NULL,
  `begin` datetime(6) NOT NULL,
  `end` datetime(6) DEFAULT NULL,
  `step` int(11),
  `user_id` int(11),
  `course` int(11),
  `correct` tinyint(1) NOT NULL,
  `uuid` varchar(64),
  PRIMARY KEY (`id`),
  KEY `education_sessions_8d589afa` (`begin`),
  KEY `education_sessions_7f021a14` (`end`),
  KEY `education_sessions_e8701ad4` (`user_id`),
  KEY `education_sessions_046d4767` (`course`),
  KEY `education_sessions_ef7c876f` (`uuid`),
  CONSTRAINT `education_sessions_user_id_2b44c38bca29e86b_fk_auth_user_id` FOREIGN KEY (`user_id`) REFERENCES `auth_user` (`id`)
) ENGINE=InnoDB AUTO_INCREMENT=646 DEFAULT CHARSET=utf8;
/*!40101 SET character_set_client = @saved_cs_client */;

--
-- Dumping data for table `education_sessions`
--

LOCK TABLES `education_sessions` WRITE;
/*!40000 ALTER TABLE `education_sessions` DISABLE KEYS */;
INSERT INTO `education_sessions` VALUES (1,0,'2016-04-03 23:26:53.888659','2016-04-03 23:26:53.888684',1,22,3,0,NULL),(2,0,'2016-04-03 23:30:14.860274','2016-04-03 23:30:14.860299',1,22,3,0,NULL),(3,0,'2016-04-03 23:33:18.759959',NULL,1,22,3,0,NULL),(4,0,'2016-04-03 23:33:33.139622',NULL,2,22,3,0,NULL),(5,0,'2016-04-03 23:34:38.884247',NULL,3,22,3,0,NULL),(6,0,'2016-04-03 23:35:20.360284','2016-04-03 23:35:29.871615',1,22,3,1,NULL),(7,0,'2016-04-03 23:35:29.882340','2016-04-03 23:35:43.343899',2,22,3,0,NULL),(8,0,'2016-04-03 23:35:43.352822','2016-04-03 23:35:52.303850',3,22,3,1,NULL),(9,0,'2016-04-03 23:35:52.313230','2016-04-03 23:36:04.876577',4,22,3,1,NULL),(10,0,'2016-04-03 23:36:04.885434','2016-04-04 00:06:29.014334',5,22,3,1,NULL),(11,0,'2016-04-04 02:46:01.505672','2016-04-04 02:46:06.166824',1,22,3,1,NULL),(12,0,'2016-04-04 02:46:06.176366','2016-04-04 02:46:16.027545',2,22,3,0,NULL),(13,0,'2016-04-04 02:46:16.041057','2016-04-04 02:46:24.267874',3,22,3,1,NULL),(14,0,'2016-04-04 02:46:24.277491','2016-04-04 02:46:34.819897',4,22,3,1,NULL),(15,0,'2016-04-04 02:46:34.829057','2016-04-04 02:46:40.361642',5,22,3,1,NULL),(16,0,'2016-04-04 02:51:49.499160',NULL,5,22,3,0,NULL),(17,0,'2016-04-04 04:44:54.975369','2016-04-04 04:45:03.328242',1,24,3,1,NULL),(18,0,'2016-04-04 04:45:03.337810','2016-04-04 04:45:08.306353',2,24,3,1,NULL),(19,0,'2016-04-04 04:45:08.315566','2016-04-04 04:45:12.286994',3,24,3,0,NULL),(20,0,'2016-04-04 04:45:12.296406','2016-04-04 04:45:18.724910',4,24,3,1,NULL),(21,0,'2016-04-04 04:45:18.734153',NULL,5,24,3,0,NULL),(22,0,'2016-04-06 19:32:28.541578','2016-04-06 19:33:32.222327',1,23,3,1,NULL),(23,0,'2016-04-06 19:33:32.236265',NULL,2,23,3,0,NULL),(24,0,'2016-04-08 01:34:08.800565',NULL,3,23,3,0,NULL),(25,0,'2016-04-08 17:29:21.192398',NULL,3,23,3,0,NULL),(26,0,'2016-04-08 18:57:03.360621',NULL,3,23,3,0,NULL),(27,0,'2016-04-10 18:10:03.195334',NULL,3,23,3,0,NULL),(28,0,'2016-04-10 18:38:09.757838',NULL,3,23,3,0,NULL),(29,0,'2016-04-10 18:41:04.194426',NULL,3,23,3,0,NULL),(30,0,'2016-04-10 18:43:14.238715',NULL,3,23,3,0,NULL),(31,0,'2016-04-10 19:26:52.702685',NULL,3,23,3,0,NULL),(32,0,'2016-04-10 19:28:57.823989',NULL,3,23,3,0,NULL),(33,0,'2016-04-10 19:29:35.867232',NULL,3,23,3,0,NULL),(34,0,'2016-04-10 19:30:07.689500',NULL,3,23,3,0,NULL),(35,0,'2016-04-10 19:31:42.247760',NULL,3,23,3,0,NULL),(36,0,'2016-04-10 19:32:50.844280',NULL,3,23,3,0,NULL),(37,0,'2016-04-10 19:35:05.482711',NULL,3,23,3,0,NULL),(38,0,'2016-04-10 19:46:35.924255',NULL,3,23,3,0,NULL),(39,0,'2016-04-10 19:46:54.867175',NULL,3,23,3,0,NULL),(40,0,'2016-04-10 19:47:04.002164',NULL,3,23,3,0,NULL),(41,0,'2016-04-10 19:47:16.866284',NULL,3,23,3,0,NULL),(42,0,'2016-04-10 19:47:29.451042',NULL,3,23,3,0,NULL),(43,0,'2016-04-10 19:47:53.891724',NULL,3,23,3,0,NULL),(44,0,'2016-04-10 19:48:04.329883',NULL,3,23,3,0,NULL),(45,0,'2016-04-10 19:48:29.714357',NULL,3,23,3,0,NULL),(46,0,'2016-04-10 19:48:55.032077',NULL,3,23,3,0,NULL),(47,0,'2016-04-10 19:49:22.127274',NULL,3,23,3,0,NULL),(48,0,'2016-04-10 19:49:51.248251',NULL,3,23,3,0,NULL),(49,0,'2016-04-10 22:20:59.187013',NULL,1,23,3,0,NULL),(50,0,'2016-04-10 22:21:07.853574',NULL,3,23,3,0,NULL),(51,0,'2016-04-10 22:25:30.431492',NULL,3,23,3,0,NULL),(52,0,'2016-04-10 23:42:25.214338',NULL,3,23,3,0,NULL),(53,0,'2016-04-10 23:44:10.462225',NULL,3,23,3,0,NULL),(54,0,'2016-04-10 23:44:27.915296',NULL,3,23,3,0,NULL),(55,0,'2016-04-10 23:45:13.741161',NULL,3,23,3,0,NULL),(56,0,'2016-04-10 23:45:48.778730',NULL,3,23,3,0,NULL),(57,0,'2016-04-10 23:46:46.826513',NULL,3,23,3,0,NULL),(58,0,'2016-04-10 23:47:00.166919',NULL,3,23,3,0,NULL),(59,0,'2016-04-10 23:47:21.038593',NULL,3,23,3,0,NULL),(60,0,'2016-04-10 23:47:37.771247',NULL,3,23,3,0,NULL),(61,0,'2016-04-10 23:48:00.534611',NULL,3,23,3,0,NULL),(62,0,'2016-04-10 23:55:39.264496',NULL,3,23,3,0,NULL),(63,0,'2016-04-10 23:57:39.237775',NULL,3,23,3,0,NULL),(64,0,'2016-04-11 00:02:07.990505',NULL,3,23,3,0,NULL),(65,0,'2016-04-11 00:03:16.518190',NULL,3,23,3,0,NULL),(66,0,'2016-04-11 00:05:53.579195',NULL,3,23,3,0,NULL),(67,0,'2016-04-11 00:27:14.000351',NULL,1,23,3,0,NULL),(68,0,'2016-04-11 00:44:36.595164',NULL,1,23,3,0,NULL),(69,0,'2016-04-11 01:07:38.164056',NULL,1,23,3,0,NULL),(70,0,'2016-04-11 02:15:00.485722',NULL,1,23,3,0,NULL),(71,0,'2016-04-11 02:15:12.077180','2016-04-11 02:19:24.890900',1,23,3,1,NULL),(72,0,'2016-04-11 02:19:24.902046',NULL,2,23,3,0,NULL),(73,0,'2016-04-11 02:22:28.849480',NULL,2,23,3,0,NULL),(74,0,'2016-04-11 02:24:30.423797',NULL,2,23,3,0,NULL),(75,0,'2016-04-11 02:27:26.436874',NULL,2,23,3,0,NULL),(76,0,'2016-04-11 02:27:52.175809',NULL,2,23,3,0,NULL),(77,0,'2016-04-11 02:28:47.085715',NULL,2,23,3,0,NULL),(78,0,'2016-04-11 02:30:17.934851',NULL,2,23,3,0,NULL),(79,0,'2016-04-11 02:30:41.774452',NULL,2,23,3,0,NULL),(80,0,'2016-04-11 02:32:03.468233',NULL,2,23,3,0,NULL),(81,0,'2016-04-11 02:40:37.230509','2016-04-11 02:40:41.597446',1,26,3,1,NULL),(82,0,'2016-04-11 02:40:41.610955','2016-04-11 02:40:45.183577',2,26,3,1,NULL),(83,0,'2016-04-11 02:40:45.193032','2016-04-11 02:40:48.646688',3,26,3,0,NULL),(84,0,'2016-04-11 02:40:48.661341','2016-04-11 02:40:52.195275',4,26,3,1,NULL),(85,0,'2016-04-11 02:40:52.205081','2016-04-11 03:28:56.435305',5,26,3,1,NULL),(86,0,'2016-04-11 03:31:59.339674','2016-04-11 03:32:01.833461',1,26,3,0,NULL),(87,0,'2016-04-11 03:32:01.846873','2016-04-11 03:32:04.215900',2,26,3,0,NULL),(88,0,'2016-04-11 03:32:04.225346','2016-04-11 03:32:06.761893',3,26,3,0,NULL),(89,0,'2016-04-11 03:32:06.771695','2016-04-11 03:32:10.017338',4,26,3,0,NULL),(90,0,'2016-04-11 03:34:01.069415','2016-04-11 03:34:23.364625',5,26,3,0,NULL),(91,0,'2016-04-11 03:35:07.897116','2016-04-11 03:35:11.780228',1,26,3,0,NULL),(92,0,'2016-04-11 03:35:11.793183','2016-04-11 03:35:13.499828',2,26,3,0,NULL),(93,0,'2016-04-11 03:35:13.510811','2016-04-11 03:36:01.062440',3,26,3,0,NULL),(94,0,'2016-04-11 03:36:01.076882','2016-04-11 03:36:05.830613',4,26,3,1,NULL),(95,0,'2016-04-11 03:36:05.841552','2016-04-11 03:36:08.528829',5,26,3,0,NULL),(96,0,'2016-04-11 03:39:52.302020','2016-04-11 03:39:55.296743',5,26,3,0,NULL),(97,0,'2016-04-11 03:40:43.439223','2016-04-11 03:40:45.853004',5,26,3,0,NULL),(98,0,'2016-04-11 03:41:35.965851','2016-04-11 03:41:38.361591',5,26,3,0,NULL),(99,0,'2016-04-11 03:46:44.861089','2016-04-11 03:46:54.263563',1,26,3,1,NULL),(100,0,'2016-04-11 03:46:54.275970','2016-04-11 03:46:57.216170',2,26,3,1,NULL),(101,0,'2016-04-11 03:46:57.225338','2016-04-11 03:46:59.943017',3,26,3,1,NULL),(102,0,'2016-04-11 03:46:59.953509','2016-04-11 03:47:03.581131',4,26,3,1,NULL),(103,0,'2016-04-11 03:47:03.592959','2016-04-11 04:16:45.695871',5,26,3,1,NULL),(104,0,'2016-04-11 04:21:07.350990',NULL,1,26,3,0,NULL),(105,0,'2016-04-11 05:00:06.720398','2016-04-11 05:00:10.589647',1,26,3,0,'2165290affa211e58a7aa0999b110193'),(106,0,'2016-04-11 05:00:06.759368',NULL,1,26,3,0,'js/jquery.js'),(107,0,'2016-04-11 05:00:06.761240',NULL,1,26,3,0,'js/bootstrap.min.js'),(108,0,'2016-04-11 05:01:22.467709','2016-04-11 05:01:25.768170',2,26,3,1,'2165290affa211e58a7aa0999b110193'),(109,0,'2016-04-11 05:01:22.507825',NULL,2,26,3,0,'js/jquery.js'),(110,0,'2016-04-11 05:01:22.508671',NULL,2,26,3,0,'js/bootstrap.min.js'),(111,0,'2016-04-11 05:05:27.337117','2016-04-11 05:05:31.395015',3,26,3,1,'2165290affa211e58a7aa0999b110193'),(112,0,'2016-04-11 05:05:27.375245',NULL,3,26,3,0,'js/jquery.js'),(113,0,'2016-04-11 05:05:27.375582',NULL,3,26,3,0,'js/bootstrap.min.js'),(114,0,'2016-04-11 05:07:05.060127','2016-04-11 05:07:08.269859',4,26,3,0,'2165290affa211e58a7aa0999b110193'),(115,0,'2016-04-11 05:07:05.106009',NULL,4,26,3,0,'js/jquery.js'),(116,0,'2016-04-11 05:07:05.106676',NULL,4,26,3,0,'js/bootstrap.min.js'),(117,0,'2016-04-11 05:07:08.281042','2016-04-11 05:07:14.154299',5,26,3,0,'2165290affa211e58a7aa0999b110193'),(118,0,'2016-04-11 05:07:08.312217',NULL,5,26,3,0,'js/jquery.js'),(119,0,'2016-04-11 05:07:08.313164',NULL,5,26,3,0,'js/bootstrap.min.js'),(120,0,'2016-04-11 05:07:45.424375','2016-04-11 05:07:48.125303',1,26,3,0,'52c5c8eeffa311e58209a0999b110193'),(121,0,'2016-04-11 05:07:45.458888',NULL,1,26,3,0,'js/jquery.js'),(122,0,'2016-04-11 05:07:45.459686',NULL,1,26,3,0,'js/bootstrap.min.js'),(123,0,'2016-04-11 05:07:48.136498','2016-04-11 05:07:50.321754',2,26,3,1,'52c5c8eeffa311e58209a0999b110193'),(124,0,'2016-04-11 05:07:48.165748',NULL,2,26,3,0,'js/jquery.js'),(125,0,'2016-04-11 05:07:48.166642',NULL,2,26,3,0,'js/bootstrap.min.js'),(126,0,'2016-04-11 05:07:50.331578','2016-04-11 05:07:54.184089',3,26,3,0,'52c5c8eeffa311e58209a0999b110193'),(127,0,'2016-04-11 05:07:50.364909',NULL,3,26,3,0,'js/jquery.js'),(128,0,'2016-04-11 05:07:50.366036',NULL,3,26,3,0,'js/bootstrap.min.js'),(129,0,'2016-04-11 05:07:54.193716','2016-04-11 05:07:57.228157',4,26,3,0,'52c5c8eeffa311e58209a0999b110193'),(130,0,'2016-04-11 05:07:54.221484',NULL,4,26,3,0,'js/jquery.js'),(131,0,'2016-04-11 05:07:54.223534',NULL,4,26,3,0,'js/bootstrap.min.js'),(132,0,'2016-04-11 05:07:57.238170','2016-04-11 05:08:00.337066',5,26,3,1,'52c5c8eeffa311e58209a0999b110193'),(133,0,'2016-04-11 05:07:57.267236',NULL,5,26,3,0,'js/jquery.js'),(134,0,'2016-04-11 05:07:57.268356',NULL,5,26,3,0,'js/bootstrap.min.js'),(135,0,'2016-04-11 05:08:45.658904','2016-04-11 05:08:55.548230',1,26,3,0,'5df74538ffa311e5a408a0999b110193'),(136,0,'2016-04-11 05:08:45.694492',NULL,1,26,3,0,'js/jquery.js'),(137,0,'2016-04-11 05:08:45.696388',NULL,1,26,3,0,'js/bootstrap.min.js'),(138,0,'2016-04-11 05:08:55.561399','2016-04-11 05:09:53.524707',2,26,3,1,'5df74538ffa311e5a408a0999b110193'),(139,0,'2016-04-11 05:08:55.596456',NULL,2,26,3,0,'js/bootstrap.min.js'),(140,0,'2016-04-11 05:08:55.597081',NULL,2,26,3,0,'js/jquery.js'),(141,0,'2016-04-11 05:09:53.535510','2016-04-11 05:10:38.824848',3,26,3,1,'5df74538ffa311e5a408a0999b110193'),(142,0,'2016-04-11 05:09:53.567676',NULL,3,26,3,0,'js/bootstrap.min.js'),(143,0,'2016-04-11 05:09:53.567936',NULL,3,26,3,0,'js/jquery.js'),(144,0,'2016-04-11 05:10:38.838140','2016-04-11 05:10:42.001792',4,26,3,0,'5df74538ffa311e5a408a0999b110193'),(145,0,'2016-04-11 05:10:38.875182',NULL,4,26,3,0,'js/jquery.js'),(146,0,'2016-04-11 05:10:38.876176',NULL,4,26,3,0,'js/bootstrap.min.js'),(147,0,'2016-04-11 05:10:42.011525','2016-04-11 05:12:10.721349',5,26,3,0,'5df74538ffa311e5a408a0999b110193'),(148,0,'2016-04-11 05:10:42.044399',NULL,5,26,3,0,'js/jquery.js'),(149,0,'2016-04-11 05:10:42.046723',NULL,5,26,3,0,'js/bootstrap.min.js'),(150,0,'2016-04-11 05:12:17.801958','2016-04-11 05:12:21.166404',1,26,3,0,'f54e8dc5ffa311e5a52ba0999b110193'),(151,0,'2016-04-11 05:12:17.849035',NULL,1,26,3,0,'js/jquery.js'),(152,0,'2016-04-11 05:12:17.850489',NULL,1,26,3,0,'js/bootstrap.min.js'),(153,0,'2016-04-11 05:12:21.178937','2016-04-11 05:12:52.092620',2,26,3,1,'f54e8dc5ffa311e5a52ba0999b110193'),(154,0,'2016-04-11 05:12:21.219265',NULL,2,26,3,0,'js/jquery.js'),(155,0,'2016-04-11 05:12:21.220639',NULL,2,26,3,0,'js/bootstrap.min.js'),(156,0,'2016-04-11 05:12:52.101772',NULL,3,26,3,0,'f54e8dc5ffa311e5a52ba0999b110193'),(157,0,'2016-04-11 05:12:52.128879',NULL,3,26,3,0,'js/jquery.js'),(158,0,'2016-04-11 05:12:52.142796',NULL,3,26,3,0,'js/bootstrap.min.js'),(159,0,'2016-04-11 17:20:19.148753',NULL,3,26,3,0,'f54e8dc5ffa311e5a52ba0999b110193'),(160,0,'2016-04-11 17:20:19.193229',NULL,3,26,3,0,'js/jquery.js'),(161,0,'2016-04-11 17:20:19.194909',NULL,3,26,3,0,'js/bootstrap.min.js'),(162,0,'2016-04-11 17:20:22.106908',NULL,3,26,3,0,'f54e8dc5ffa311e5a52ba0999b110193'),(163,0,'2016-04-11 17:20:22.142379',NULL,3,26,3,0,'js/jquery.js'),(164,0,'2016-04-11 17:20:22.145233',NULL,3,26,3,0,'js/bootstrap.min.js'),(165,0,'2016-04-11 17:20:25.477532','2016-04-11 17:24:59.921727',3,26,3,1,'f54e8dc5ffa311e5a52ba0999b110193'),(166,0,'2016-04-11 17:20:25.515076',NULL,3,26,3,0,'js/jquery.js'),(167,0,'2016-04-11 17:20:25.516481',NULL,3,26,3,0,'js/bootstrap.min.js'),(168,0,'2016-04-11 17:24:59.936056','2016-04-11 17:25:27.181521',4,26,3,1,'f54e8dc5ffa311e5a52ba0999b110193'),(169,0,'2016-04-11 17:25:27.195760','2016-04-11 17:25:31.795920',5,26,3,1,'f54e8dc5ffa311e5a52ba0999b110193'),(170,0,'2016-04-11 17:43:16.860843','2016-04-11 17:43:19.706104',1,26,3,1,'de4ced70000c11e6b181a0999b110193'),(171,0,'2016-04-11 17:43:19.717093','2016-04-11 17:43:22.702713',2,26,3,1,'de4ced70000c11e6b181a0999b110193'),(172,0,'2016-04-11 17:43:22.715324','2016-04-11 17:43:24.796850',3,26,3,1,'de4ced70000c11e6b181a0999b110193'),(173,0,'2016-04-11 17:43:24.808941','2016-04-11 17:43:31.006872',4,26,3,0,'de4ced70000c11e6b181a0999b110193'),(174,0,'2016-04-11 17:43:31.017318','2016-04-11 17:43:33.537913',5,26,3,1,'de4ced70000c11e6b181a0999b110193'),(175,0,'2016-04-11 17:47:43.533157','2016-04-11 17:47:46.811023',1,26,3,1,'7c2ba599000d11e6b570a0999b110193'),(176,0,'2016-04-11 17:47:46.820582','2016-04-11 17:47:49.180332',2,26,3,1,'7c2ba599000d11e6b570a0999b110193'),(177,0,'2016-04-11 17:47:49.201845','2016-04-11 17:47:51.218532',3,26,3,1,'7c2ba599000d11e6b570a0999b110193'),(178,0,'2016-04-11 17:47:51.229611','2016-04-11 17:47:53.624320',4,26,3,1,'7c2ba599000d11e6b570a0999b110193'),(179,0,'2016-04-11 17:47:53.637989','2016-04-11 17:47:56.069206',5,26,3,1,'7c2ba599000d11e6b570a0999b110193'),(180,0,'2016-04-11 20:48:00.399750','2016-04-11 20:48:13.101735',1,26,3,1,'a8ece223002611e68dc0a0999b110193'),(181,0,'2016-04-11 20:48:13.112196','2016-04-11 20:48:16.626742',2,26,3,1,'a8ece223002611e68dc0a0999b110193'),(182,0,'2016-04-11 20:48:16.636930','2016-04-11 20:48:23.481104',3,26,3,1,'a8ece223002611e68dc0a0999b110193'),(183,0,'2016-04-11 20:48:23.493447','2016-04-11 20:48:29.716930',4,26,3,1,'a8ece223002611e68dc0a0999b110193'),(184,0,'2016-04-11 20:48:29.727680','2016-04-11 20:48:36.791073',5,26,3,1,'a8ece223002611e68dc0a0999b110193'),(185,0,'2016-04-11 20:49:34.526966','2016-04-11 20:49:37.049843',1,26,3,1,'e4ab203a002611e6a5eba0999b110193'),(186,0,'2016-04-11 20:49:37.063170','2016-04-11 20:49:39.384360',2,26,3,1,'e4ab203a002611e6a5eba0999b110193'),(187,0,'2016-04-11 20:49:39.394647','2016-04-11 20:49:41.563292',3,26,3,1,'e4ab203a002611e6a5eba0999b110193'),(188,0,'2016-04-11 20:49:41.574373','2016-04-11 20:49:44.025237',4,26,3,1,'e4ab203a002611e6a5eba0999b110193'),(189,0,'2016-04-11 20:49:44.038553','2016-04-11 20:49:46.361844',5,26,3,1,'e4ab203a002611e6a5eba0999b110193'),(190,0,'2016-04-11 20:51:17.979708','2016-04-11 20:51:23.461685',1,26,3,0,'229a6217002711e680dca0999b110193'),(191,0,'2016-04-11 20:51:23.472160','2016-04-11 20:51:26.456733',2,26,3,1,'229a6217002711e680dca0999b110193'),(192,0,'2016-04-11 20:51:26.471214','2016-04-11 20:51:29.116554',3,26,3,1,'229a6217002711e680dca0999b110193'),(193,0,'2016-04-11 20:51:29.128011','2016-04-11 20:51:31.521265',4,26,3,1,'229a6217002711e680dca0999b110193'),(194,0,'2016-04-11 20:51:31.532392','2016-04-11 20:51:34.165282',5,26,3,1,'229a6217002711e680dca0999b110193'),(195,0,'2016-04-11 20:52:23.806958','2016-04-11 20:52:27.662509',1,26,3,0,'49aaa6b8002711e68dcea0999b110193'),(196,0,'2016-04-11 20:52:27.672842','2016-04-11 20:52:31.677855',2,26,3,1,'49aaa6b8002711e68dcea0999b110193'),(197,0,'2016-04-11 20:52:31.687688','2016-04-11 20:52:34.833284',3,26,3,0,'49aaa6b8002711e68dcea0999b110193'),(198,0,'2016-04-11 20:52:34.844519','2016-04-11 20:52:39.963302',4,26,3,0,'49aaa6b8002711e68dcea0999b110193'),(199,0,'2016-04-11 20:52:39.973438','2016-04-11 20:52:43.886649',5,26,3,1,'49aaa6b8002711e68dcea0999b110193'),(200,0,'2016-04-11 20:54:16.763810','2016-04-11 20:54:19.099703',1,27,3,1,'8d2fcb4a002711e6a545a0999b110193'),(201,0,'2016-04-11 20:54:19.111122','2016-04-11 20:54:21.397743',2,27,3,1,'8d2fcb4a002711e6a545a0999b110193'),(202,0,'2016-04-11 20:54:21.409629','2016-04-11 20:54:23.755256',3,27,3,1,'8d2fcb4a002711e6a545a0999b110193'),(203,0,'2016-04-11 20:54:23.764039','2016-04-11 20:54:26.365765',4,27,3,1,'8d2fcb4a002711e6a545a0999b110193'),(204,0,'2016-04-11 20:54:26.379506','2016-04-11 20:54:28.686724',5,27,3,1,'8d2fcb4a002711e6a545a0999b110193'),(205,0,'2016-04-11 20:54:56.125984','2016-04-11 20:55:00.415290',1,27,3,0,'a4abd926002711e68402a0999b110193'),(206,0,'2016-04-11 20:55:00.426065','2016-04-11 20:55:02.378438',2,27,3,1,'a4abd926002711e68402a0999b110193'),(207,0,'2016-04-11 20:55:02.389847','2016-04-11 20:55:03.920766',3,27,3,1,'a4abd926002711e68402a0999b110193'),(208,0,'2016-04-11 20:55:03.933478','2016-04-11 20:55:06.261402',4,27,3,1,'a4abd926002711e68402a0999b110193'),(209,0,'2016-04-11 20:55:06.271510','2016-04-11 20:55:09.202071',5,27,3,1,'a4abd926002711e68402a0999b110193'),(210,0,'2016-04-11 20:55:32.944743','2016-04-11 20:55:35.830705',1,27,3,1,'ba909b63002711e68d27a0999b110193'),(211,0,'2016-04-11 20:55:35.839851','2016-04-11 20:55:41.224628',2,27,3,0,'ba909b63002711e68d27a0999b110193'),(212,0,'2016-04-11 20:55:41.248415','2016-04-11 20:55:45.230332',3,27,3,1,'ba909b63002711e68d27a0999b110193'),(213,0,'2016-04-11 20:55:45.240067','2016-04-11 20:55:54.609916',4,27,3,1,'ba909b63002711e68d27a0999b110193'),(214,0,'2016-04-11 20:55:54.623415','2016-04-11 20:55:57.278802',5,27,3,1,'ba909b63002711e68d27a0999b110193'),(215,0,'2016-04-11 20:56:14.753863','2016-04-11 20:56:17.710829',1,27,3,0,'d38c0dcc002711e6b71fa0999b110193'),(216,0,'2016-04-11 20:56:17.721260','2016-04-11 20:56:24.839857',2,27,3,0,'d38c0dcc002711e6b71fa0999b110193'),(217,0,'2016-04-11 20:56:24.850964','2016-04-11 20:56:27.859276',3,27,3,1,'d38c0dcc002711e6b71fa0999b110193'),(218,0,'2016-04-11 20:56:27.870899','2016-04-11 20:56:33.659210',4,27,3,1,'d38c0dcc002711e6b71fa0999b110193'),(219,0,'2016-04-11 20:56:33.670413','2016-04-11 20:56:36.166767',5,27,3,1,'d38c0dcc002711e6b71fa0999b110193'),(220,0,'2016-04-11 20:57:56.415699','2016-04-11 20:58:03.038242',1,28,3,1,'056d4342002811e69ea4a0999b110193'),(221,0,'2016-04-11 20:58:03.048792','2016-04-11 20:58:07.172970',2,28,3,1,'056d4342002811e69ea4a0999b110193'),(222,0,'2016-04-11 20:58:07.186352','2016-04-11 20:58:11.764784',3,28,3,1,'056d4342002811e69ea4a0999b110193'),(223,0,'2016-04-11 20:58:11.776824','2016-04-11 20:58:16.256084',4,28,3,1,'056d4342002811e69ea4a0999b110193'),(224,0,'2016-04-11 20:58:16.267014','2016-04-11 20:58:19.872203',5,28,3,1,'056d4342002811e69ea4a0999b110193'),(225,0,'2016-04-11 20:58:44.285124','2016-04-11 20:58:51.379835',1,28,3,1,'2c17a65e002811e6bbe9a0999b110193'),(226,0,'2016-04-11 20:58:51.391239','2016-04-11 20:58:56.278059',2,28,3,1,'2c17a65e002811e6bbe9a0999b110193'),(227,0,'2016-04-11 20:58:56.287453','2016-04-11 20:59:04.055304',3,28,3,1,'2c17a65e002811e6bbe9a0999b110193'),(228,0,'2016-04-11 20:59:04.068847','2016-04-11 20:59:10.554187',4,28,3,1,'2c17a65e002811e6bbe9a0999b110193'),(229,0,'2016-04-11 20:59:10.569162','2016-04-11 20:59:16.464366',5,28,3,1,'2c17a65e002811e6bbe9a0999b110193'),(230,0,'2016-04-11 20:59:58.029780','2016-04-11 21:00:00.345752',1,28,3,1,'58a9c9b0002811e685a2a0999b110193'),(231,0,'2016-04-11 21:00:00.358202','2016-04-11 21:00:02.430368',2,28,3,1,'58a9c9b0002811e685a2a0999b110193'),(232,0,'2016-04-11 21:00:02.443018','2016-04-11 21:00:04.287545',3,28,3,1,'58a9c9b0002811e685a2a0999b110193'),(233,0,'2016-04-11 21:00:04.297634','2016-04-11 21:00:06.851334',4,28,3,1,'58a9c9b0002811e685a2a0999b110193'),(234,0,'2016-04-11 21:00:06.860672','2016-04-11 21:00:08.809610',5,28,3,1,'58a9c9b0002811e685a2a0999b110193'),(235,0,'2016-04-11 21:05:54.884259','2016-04-11 21:05:57.763611',1,28,3,0,'2d491f4a002911e6bae3a0999b110193'),(236,0,'2016-04-11 21:05:57.776943','2016-04-11 21:06:03.868591',2,28,3,1,'2d491f4a002911e6bae3a0999b110193'),(237,0,'2016-04-11 21:06:03.880251','2016-04-11 21:06:07.804699',3,28,3,1,'2d491f4a002911e6bae3a0999b110193'),(238,0,'2016-04-11 21:06:07.815271','2016-04-11 21:06:12.041805',4,28,3,1,'2d491f4a002911e6bae3a0999b110193'),(239,0,'2016-04-11 21:06:12.058643','2016-04-11 21:06:15.379929',5,28,3,1,'2d491f4a002911e6bae3a0999b110193'),(240,0,'2016-04-11 21:06:40.444361','2016-04-11 21:06:47.713540',1,28,3,1,'487111eb002911e6a15fa0999b110193'),(241,0,'2016-04-11 21:06:47.726344','2016-04-11 21:06:50.145996',2,28,3,0,'487111eb002911e6a15fa0999b110193'),(242,0,'2016-04-11 21:06:50.157795','2016-04-11 21:06:55.627619',3,28,3,1,'487111eb002911e6a15fa0999b110193'),(243,0,'2016-04-11 21:06:55.637090','2016-04-11 21:06:58.462810',4,28,3,0,'487111eb002911e6a15fa0999b110193'),(244,0,'2016-04-11 21:06:58.473709','2016-04-11 21:07:01.585269',5,28,3,1,'487111eb002911e6a15fa0999b110193'),(245,0,'2016-04-11 21:08:41.466498','2016-04-11 21:08:44.348726',1,28,3,0,'907ecf61002911e6bc46a0999b110193'),(246,0,'2016-04-11 21:08:44.359054','2016-04-11 21:08:46.071628',2,28,3,0,'907ecf61002911e6bc46a0999b110193'),(247,0,'2016-04-11 21:08:46.081472','2016-04-11 21:08:48.209420',3,28,3,0,'907ecf61002911e6bc46a0999b110193'),(248,0,'2016-04-11 21:08:48.218721','2016-04-11 21:08:53.428240',4,28,3,1,'907ecf61002911e6bc46a0999b110193'),(249,0,'2016-04-11 21:08:53.438308','2016-04-11 21:08:55.276999',5,28,3,0,'907ecf61002911e6bc46a0999b110193'),(250,0,'2016-04-11 21:09:54.611227','2016-04-11 21:09:57.549016',1,29,3,1,'bc289cae002911e6a5fda0999b110193'),(251,0,'2016-04-11 21:09:57.560189','2016-04-11 21:10:00.250767',2,29,3,1,'bc289cae002911e6a5fda0999b110193'),(252,0,'2016-04-11 21:10:00.260981','2016-04-11 21:10:02.579041',3,29,3,1,'bc289cae002911e6a5fda0999b110193'),(253,0,'2016-04-11 21:10:02.593292','2016-04-11 21:10:08.334687',4,29,3,1,'bc289cae002911e6a5fda0999b110193'),(254,0,'2016-04-11 21:10:08.344319','2016-04-11 21:10:11.033201',5,29,3,1,'bc289cae002911e6a5fda0999b110193'),(255,0,'2016-04-11 21:10:44.047666','2016-04-11 21:10:49.987571',1,29,3,1,'d9b0088f002911e6a69ca0999b110193'),(256,0,'2016-04-11 21:10:50.000364','2016-04-11 21:10:56.796904',2,29,3,1,'d9b0088f002911e6a69ca0999b110193'),(257,0,'2016-04-11 21:10:56.808862','2016-04-11 21:11:05.625505',3,29,3,1,'d9b0088f002911e6a69ca0999b110193'),(258,0,'2016-04-11 21:11:05.639779','2016-04-11 21:11:15.568136',4,29,3,1,'d9b0088f002911e6a69ca0999b110193'),(259,0,'2016-04-11 21:11:15.581187','2016-04-11 21:11:19.998827',5,29,3,1,'d9b0088f002911e6a69ca0999b110193'),(260,0,'2016-04-11 21:11:45.075607','2016-04-11 21:11:47.597204',1,29,3,0,'fe0a15cf002911e6a7c2a0999b110193'),(261,0,'2016-04-11 21:11:47.607640','2016-04-11 21:11:54.733105',2,29,3,1,'fe0a15cf002911e6a7c2a0999b110193'),(262,0,'2016-04-11 21:11:54.742671','2016-04-11 21:11:57.904893',3,29,3,1,'fe0a15cf002911e6a7c2a0999b110193'),(263,0,'2016-04-11 21:11:57.917185','2016-04-11 21:12:05.079078',4,29,3,1,'fe0a15cf002911e6a7c2a0999b110193'),(264,0,'2016-04-11 21:12:05.094403','2016-04-11 21:12:07.784374',5,29,3,1,'fe0a15cf002911e6a7c2a0999b110193'),(265,0,'2016-04-11 21:12:35.242705','2016-04-11 21:12:39.794819',1,29,3,1,'1c1a9305002a11e689f7a0999b110193'),(266,0,'2016-04-11 21:12:39.804578','2016-04-11 21:12:42.410291',2,29,3,0,'1c1a9305002a11e689f7a0999b110193'),(267,0,'2016-04-11 21:12:42.420338','2016-04-11 21:12:51.930978',3,29,3,1,'1c1a9305002a11e689f7a0999b110193'),(268,0,'2016-04-11 21:12:51.941250','2016-04-11 21:12:54.480470',4,29,3,0,'1c1a9305002a11e689f7a0999b110193'),(269,0,'2016-04-11 21:12:54.490668','2016-04-11 21:12:57.028632',5,29,3,1,'1c1a9305002a11e689f7a0999b110193'),(270,0,'2016-04-11 21:13:20.639262','2016-04-11 21:13:22.702606',1,29,3,0,'371f0a2e002a11e69995a0999b110193'),(271,0,'2016-04-11 21:13:22.712785','2016-04-11 21:13:25.048418',2,29,3,1,'371f0a2e002a11e69995a0999b110193'),(272,0,'2016-04-11 21:13:25.057677','2016-04-11 21:13:30.052308',3,29,3,1,'371f0a2e002a11e69995a0999b110193'),(273,0,'2016-04-11 21:13:30.064664','2016-04-11 21:13:31.895934',4,29,3,0,'371f0a2e002a11e69995a0999b110193'),(274,0,'2016-04-11 21:13:31.908396','2016-04-11 21:13:34.976516',5,29,3,0,'371f0a2e002a11e69995a0999b110193'),(275,0,'2016-04-11 21:16:56.307814','2016-04-11 21:17:00.773051',1,30,3,1,'b6b0e814002a11e6a005a0999b110193'),(276,0,'2016-04-11 21:17:00.785649','2016-04-11 21:17:04.362078',2,30,3,1,'b6b0e814002a11e6a005a0999b110193'),(277,0,'2016-04-11 21:17:04.371413','2016-04-11 21:17:06.879729',3,30,3,1,'b6b0e814002a11e6a005a0999b110193'),(278,0,'2016-04-11 21:17:06.890925','2016-04-11 21:17:09.898550',4,30,3,1,'b6b0e814002a11e6a005a0999b110193'),(279,0,'2016-04-11 21:17:09.915924','2016-04-11 21:17:12.658658',5,30,3,1,'b6b0e814002a11e6a005a0999b110193'),(280,0,'2016-04-11 21:17:40.979282','2016-04-11 21:17:48.451047',1,30,3,1,'d2040eb5002a11e6a20ca0999b110193'),(281,0,'2016-04-11 21:17:48.461828','2016-04-11 21:17:55.688148',2,30,3,1,'d2040eb5002a11e6a20ca0999b110193'),(282,0,'2016-04-11 21:17:55.697388','2016-04-11 21:18:01.378107',3,30,3,1,'d2040eb5002a11e6a20ca0999b110193'),(283,0,'2016-04-11 21:18:01.388587','2016-04-11 21:18:06.996800',4,30,3,1,'d2040eb5002a11e6a20ca0999b110193'),(284,0,'2016-04-11 21:18:07.012286','2016-04-11 21:18:11.145029',5,30,3,1,'d2040eb5002a11e6a20ca0999b110193'),(285,0,'2016-04-11 21:18:35.651247','2016-04-11 21:18:42.302400',1,30,3,0,'f2ced9f3002a11e6bbe2a0999b110193'),(286,0,'2016-04-11 21:18:42.312237','2016-04-11 21:18:44.949045',2,30,3,1,'f2ced9f3002a11e6bbe2a0999b110193'),(287,0,'2016-04-11 21:18:44.962483','2016-04-11 21:18:50.781788',3,30,3,1,'f2ced9f3002a11e6bbe2a0999b110193'),(288,0,'2016-04-11 21:18:50.791826','2016-04-11 21:18:53.496326',4,30,3,1,'f2ced9f3002a11e6bbe2a0999b110193'),(289,0,'2016-04-11 21:18:53.505441','2016-04-11 21:18:56.473708',5,30,3,1,'f2ced9f3002a11e6bbe2a0999b110193'),(290,0,'2016-04-11 21:19:15.301125','2016-04-11 21:19:21.012881',1,30,3,1,'0a7f37b5002b11e6a7b0a0999b110193'),(291,0,'2016-04-11 21:19:21.022227','2016-04-11 21:19:23.301091',2,30,3,0,'0a7f37b5002b11e6a7b0a0999b110193'),(292,0,'2016-04-11 21:19:23.310590','2016-04-11 21:19:30.494563',3,30,3,1,'0a7f37b5002b11e6a7b0a0999b110193'),(293,0,'2016-04-11 21:19:30.507845','2016-04-11 21:19:32.544817',4,30,3,0,'0a7f37b5002b11e6a7b0a0999b110193'),(294,0,'2016-04-11 21:19:32.557074','2016-04-11 21:19:37.061312',5,30,3,1,'0a7f37b5002b11e6a7b0a0999b110193'),(295,0,'2016-04-11 21:19:52.380870','2016-04-11 21:20:00.227693',1,30,3,1,'2098a119002b11e69570a0999b110193'),(296,0,'2016-04-11 21:20:00.239404','2016-04-11 21:20:08.875074',2,30,3,0,'2098a119002b11e69570a0999b110193'),(297,0,'2016-04-11 21:20:08.887752','2016-04-11 21:20:20.622252',3,30,3,1,'2098a119002b11e69570a0999b110193'),(298,0,'2016-04-11 21:20:20.632285','2016-04-11 21:20:32.907874',4,30,3,1,'2098a119002b11e69570a0999b110193'),(299,0,'2016-04-11 21:20:32.920305','2016-04-11 21:20:49.509886',5,30,3,1,'2098a119002b11e69570a0999b110193'),(300,0,'2016-04-11 21:42:11.406219','2016-04-11 21:42:15.550847',1,31,3,1,'3cddc4b0002e11e6a031a0999b110193'),(301,0,'2016-04-11 21:42:15.561766','2016-04-11 21:42:17.898446',2,31,3,1,'3cddc4b0002e11e6a031a0999b110193'),(302,0,'2016-04-11 21:42:17.909027','2016-04-11 21:42:20.828648',3,31,3,1,'3cddc4b0002e11e6a031a0999b110193'),(303,0,'2016-04-11 21:42:20.839032','2016-04-11 21:42:24.169535',4,31,3,1,'3cddc4b0002e11e6a031a0999b110193'),(304,0,'2016-04-11 21:42:24.179516','2016-04-11 21:42:26.423983',5,31,3,1,'3cddc4b0002e11e6a031a0999b110193'),(305,0,'2016-04-11 21:45:11.409299','2016-04-11 21:45:16.784302',1,31,3,1,'a9ed48c7002e11e6bd29a0999b110193'),(306,0,'2016-04-11 21:45:16.793900','2016-04-11 21:45:33.605033',2,31,3,1,'a9ed48c7002e11e6bd29a0999b110193'),(307,0,'2016-04-11 21:45:33.614617','2016-04-11 21:45:45.705770',3,31,3,1,'a9ed48c7002e11e6bd29a0999b110193'),(308,0,'2016-04-11 21:45:45.714933','2016-04-11 21:45:55.853324',4,31,3,1,'a9ed48c7002e11e6bd29a0999b110193'),(309,0,'2016-04-11 21:45:55.865582','2016-04-11 21:46:01.932119',5,31,3,1,'a9ed48c7002e11e6bd29a0999b110193'),(310,0,'2016-04-11 21:46:35.685259','2016-04-11 21:46:38.076283',1,31,3,0,'dc2eb928002e11e688a7a0999b110193'),(311,0,'2016-04-11 21:46:38.086356','2016-04-11 21:46:39.900926',2,31,3,1,'dc2eb928002e11e688a7a0999b110193'),(312,0,'2016-04-11 21:46:39.910701','2016-04-11 21:46:41.553505',3,31,3,1,'dc2eb928002e11e688a7a0999b110193'),(313,0,'2016-04-11 21:46:41.563354','2016-04-11 21:46:44.011504',4,31,3,1,'dc2eb928002e11e688a7a0999b110193'),(314,0,'2016-04-11 21:46:44.022675','2016-04-11 21:46:46.919910',5,31,3,1,'dc2eb928002e11e688a7a0999b110193'),(315,0,'2016-04-11 21:47:54.276495','2016-04-11 21:47:58.528142',1,31,3,1,'074ca50f002f11e687cba0999b110193'),(316,0,'2016-04-11 21:47:58.539682','2016-04-11 21:48:00.314381',2,31,3,0,'074ca50f002f11e687cba0999b110193'),(317,0,'2016-04-11 21:48:00.328072','2016-04-11 21:48:04.909924',3,31,3,1,'074ca50f002f11e687cba0999b110193'),(318,0,'2016-04-11 21:48:04.919215','2016-04-11 21:48:07.793817',4,31,3,1,'074ca50f002f11e687cba0999b110193'),(319,0,'2016-04-11 21:48:07.804066','2016-04-11 21:48:13.397559',5,31,3,1,'074ca50f002f11e687cba0999b110193'),(320,0,'2016-04-11 21:48:31.359600','2016-04-11 21:48:34.835109',1,31,3,0,'213fa966002f11e6ab19a0999b110193'),(321,0,'2016-04-11 21:48:34.845934','2016-04-11 21:48:38.895279',2,31,3,1,'213fa966002f11e6ab19a0999b110193'),(322,0,'2016-04-11 21:48:38.906908','2016-04-11 21:48:41.722511',3,31,3,0,'213fa966002f11e6ab19a0999b110193'),(323,0,'2016-04-11 21:48:41.732683','2016-04-11 21:48:45.249973',4,31,3,1,'213fa966002f11e6ab19a0999b110193'),(324,0,'2016-04-11 21:48:45.260534','2016-04-11 21:48:49.013711',5,31,3,1,'213fa966002f11e6ab19a0999b110193'),(325,0,'2016-04-11 23:27:49.082869','2016-04-11 23:27:56.712837',1,37,3,1,'fea02af8003c11e6adc3a0999b110193'),(326,0,'2016-04-11 23:27:56.723425','2016-04-11 23:28:02.806266',2,37,3,1,'fea02af8003c11e6adc3a0999b110193'),(327,0,'2016-04-11 23:28:02.815577','2016-04-11 23:28:07.406656',3,37,3,0,'fea02af8003c11e6adc3a0999b110193'),(328,0,'2016-04-11 23:28:07.417053','2016-04-11 23:28:10.544962',4,37,3,1,'fea02af8003c11e6adc3a0999b110193'),(329,0,'2016-04-11 23:28:10.556103','2016-04-11 23:30:36.679061',5,37,3,1,'fea02af8003c11e6adc3a0999b110193'),(330,0,'2016-04-12 02:46:39.692984','2016-04-12 02:46:50.395022',1,38,3,1,'c40e9585005811e69df2a0999b110193'),(331,0,'2016-04-12 02:46:50.405711','2016-04-12 02:47:12.632250',2,38,3,1,'c40e9585005811e69df2a0999b110193'),(332,0,'2016-04-12 02:47:12.642009','2016-04-12 02:47:28.461038',3,38,3,1,'c40e9585005811e69df2a0999b110193'),(333,0,'2016-04-12 02:47:28.470697','2016-04-12 02:47:45.168401',4,38,3,1,'c40e9585005811e69df2a0999b110193'),(334,0,'2016-04-12 02:47:45.179670','2016-04-12 02:47:53.284386',5,38,3,1,'c40e9585005811e69df2a0999b110193'),(335,0,'2016-04-12 20:11:47.377715','2016-04-12 20:11:51.833775',1,38,3,1,'c7bb87c200ea11e6ba18a0999b110193'),(336,0,'2016-04-12 20:11:51.844104','2016-04-12 20:11:54.512237',2,38,3,1,'c7bb87c200ea11e6ba18a0999b110193'),(337,0,'2016-04-12 20:11:54.522433','2016-04-12 20:11:56.642779',3,38,3,1,'c7bb87c200ea11e6ba18a0999b110193'),(338,0,'2016-04-12 20:11:56.654254','2016-04-12 20:11:59.306746',4,38,3,1,'c7bb87c200ea11e6ba18a0999b110193'),(339,0,'2016-04-12 20:11:59.319392','2016-04-12 21:17:22.536784',5,38,3,1,'c7bb87c200ea11e6ba18a0999b110193'),(340,0,'2016-04-12 21:58:41.732049','2016-04-12 21:58:44.774008',1,38,3,0,'b700fd7000f911e68562a0999b110193'),(341,0,'2016-04-12 21:58:44.785627','2016-04-12 21:58:46.104188',2,38,3,0,'b700fd7000f911e68562a0999b110193'),(342,0,'2016-04-12 21:58:46.115911','2016-04-12 21:58:47.303180',3,38,3,0,'b700fd7000f911e68562a0999b110193'),(343,0,'2016-04-12 21:58:47.316472','2016-04-12 21:58:48.644754',4,38,3,0,'b700fd7000f911e68562a0999b110193'),(344,0,'2016-04-12 21:58:48.655010','2016-04-12 23:03:43.091400',5,38,3,0,'b700fd7000f911e68562a0999b110193'),(345,0,'2016-04-12 23:03:50.943219','2016-04-12 23:03:54.742827',1,38,3,1,'b700fd7000f911e68562a0999b110193'),(346,0,'2016-04-12 23:03:54.753400','2016-04-12 23:03:56.988791',2,38,3,1,'b700fd7000f911e68562a0999b110193'),(347,0,'2016-04-12 23:03:56.998498','2016-04-12 23:03:58.883393',3,38,3,1,'b700fd7000f911e68562a0999b110193'),(348,0,'2016-04-12 23:03:58.893571','2016-04-12 23:04:01.359067',4,38,3,1,'b700fd7000f911e68562a0999b110193'),(349,0,'2016-04-12 23:04:01.368808','2016-04-12 23:04:03.451244',5,38,3,1,'b700fd7000f911e68562a0999b110193'),(350,0,'2016-04-13 01:28:40.299003','2016-04-13 01:28:43.110368',1,38,3,1,'b700fd7000f911e68562a0999b110193'),(351,0,'2016-04-13 01:28:43.123920','2016-04-13 01:28:45.789386',2,38,3,1,'b700fd7000f911e68562a0999b110193'),(352,0,'2016-04-13 01:28:45.799375','2016-04-13 01:28:49.577096',3,38,3,1,'b700fd7000f911e68562a0999b110193'),(353,0,'2016-04-13 01:28:49.594022','2016-04-13 01:28:52.057971',4,38,3,1,'b700fd7000f911e68562a0999b110193'),(354,0,'2016-04-13 01:28:52.069199','2016-04-13 01:28:54.401748',5,38,3,1,'b700fd7000f911e68562a0999b110193'),(355,0,'2016-04-13 01:52:44.603444',NULL,1,38,3,0,'674cf8ee011a11e6be7aa0999b110193'),(356,0,'2016-04-13 01:56:50.867593',NULL,1,38,3,0,'674cf8ee011a11e6be7aa0999b110193'),(357,0,'2016-04-13 01:57:08.640086',NULL,1,38,3,0,'674cf8ee011a11e6be7aa0999b110193'),(358,0,'2016-04-13 01:57:19.065099',NULL,1,38,3,0,'674cf8ee011a11e6be7aa0999b110193'),(359,0,'2016-04-13 01:59:44.909049',NULL,1,38,3,0,'674cf8ee011a11e6be7aa0999b110193'),(360,0,'2016-04-13 02:02:28.249094','2016-04-13 02:26:03.160680',1,38,3,1,'674cf8ee011a11e6be7aa0999b110193'),(361,0,'2016-04-13 02:26:03.179915','2016-04-13 02:26:05.974940',2,38,3,1,'674cf8ee011a11e6be7aa0999b110193'),(362,0,'2016-04-13 02:26:05.984914','2016-04-13 02:26:08.101040',3,38,3,1,'674cf8ee011a11e6be7aa0999b110193'),(363,0,'2016-04-13 02:26:08.112103','2016-04-13 02:26:10.904941',4,38,3,1,'674cf8ee011a11e6be7aa0999b110193'),(364,0,'2016-04-13 02:26:10.917851','2016-04-13 02:28:52.426469',5,38,3,1,'674cf8ee011a11e6be7aa0999b110193'),(365,4,'2016-04-13 02:49:29.858158',NULL,1,38,3,0,'674cf8ee011a11e6be7aa0999b110193'),(366,4,'2016-04-13 02:49:57.760958',NULL,1,38,3,0,'674cf8ee011a11e6be7aa0999b110193'),(367,4,'2016-04-13 02:50:44.132077',NULL,1,38,3,0,'674cf8ee011a11e6be7aa0999b110193'),(368,4,'2016-04-13 02:51:09.672449',NULL,1,38,3,0,'674cf8ee011a11e6be7aa0999b110193'),(369,4,'2016-04-13 03:05:37.629984','2016-04-13 03:05:41.854769',1,38,3,0,'674cf8ee011a11e6be7aa0999b110193'),(370,4,'2016-04-13 03:05:41.864591',NULL,2,38,3,0,'674cf8ee011a11e6be7aa0999b110193'),(371,4,'2016-04-13 03:06:09.639214','2016-04-13 03:06:13.974493',2,38,3,1,'674cf8ee011a11e6be7aa0999b110193'),(372,4,'2016-04-13 03:06:13.983032','2016-04-13 03:06:17.588259',3,38,3,0,'674cf8ee011a11e6be7aa0999b110193'),(373,4,'2016-04-13 03:06:17.595871','2016-04-13 03:06:24.138737',4,38,3,1,'674cf8ee011a11e6be7aa0999b110193'),(374,4,'2016-04-13 03:06:24.146590','2016-04-13 03:07:12.390027',5,38,3,1,'674cf8ee011a11e6be7aa0999b110193'),(375,4,'2016-04-13 03:08:59.755915','2016-04-13 03:09:07.035172',1,38,3,1,'674cf8ee011a11e6be7aa0999b110193'),(376,4,'2016-04-13 03:09:07.045724','2016-04-13 03:09:15.534770',2,38,3,1,'674cf8ee011a11e6be7aa0999b110193'),(377,4,'2016-04-13 03:09:15.547663','2016-04-13 03:09:21.843519',3,38,3,1,'674cf8ee011a11e6be7aa0999b110193'),(378,4,'2016-04-13 03:09:21.851420','2016-04-13 03:09:27.768239',4,38,3,1,'674cf8ee011a11e6be7aa0999b110193'),(379,4,'2016-04-13 03:09:27.775605','2016-04-13 03:09:32.324814',5,38,3,1,'674cf8ee011a11e6be7aa0999b110193'),(380,4,'2016-04-13 21:14:19.234890','2016-04-13 21:14:24.039622',1,38,3,1,'674cf8ee011a11e6be7aa0999b110193'),(381,4,'2016-04-13 21:14:24.048931','2016-04-13 21:14:29.004219',2,38,3,1,'674cf8ee011a11e6be7aa0999b110193'),(382,4,'2016-04-13 21:14:29.013822','2016-04-13 21:14:34.904783',3,38,3,1,'674cf8ee011a11e6be7aa0999b110193'),(383,4,'2016-04-13 21:14:34.920868','2016-04-13 21:14:39.878487',4,38,3,1,'674cf8ee011a11e6be7aa0999b110193'),(384,4,'2016-04-13 21:14:39.888139','2016-04-13 21:14:44.633394',5,38,3,1,'674cf8ee011a11e6be7aa0999b110193'),(385,0,'2016-04-13 21:18:28.454979','2016-04-13 21:18:30.977075',1,39,3,1,'425d6a7a01bd11e6bed5a0999b110193'),(386,0,'2016-04-13 21:18:30.989442','2016-04-13 21:18:33.471709',2,39,3,1,'425d6a7a01bd11e6bed5a0999b110193'),(387,0,'2016-04-13 21:18:33.482236','2016-04-13 21:18:36.300746',3,39,3,1,'425d6a7a01bd11e6bed5a0999b110193'),(388,0,'2016-04-13 21:18:36.313923','2016-04-13 21:18:38.998589',4,39,3,1,'425d6a7a01bd11e6bed5a0999b110193'),(389,0,'2016-04-13 21:18:39.008438','2016-04-13 21:18:45.460526',5,39,3,1,'425d6a7a01bd11e6bed5a0999b110193'),(390,3,'2016-04-13 21:18:53.989077','2016-04-13 21:19:05.476954',1,39,3,1,'425d6a7a01bd11e6bed5a0999b110193'),(391,3,'2016-04-13 21:19:05.489634','2016-04-13 21:19:13.076837',2,39,3,1,'425d6a7a01bd11e6bed5a0999b110193'),(392,3,'2016-04-13 21:19:13.086442',NULL,3,39,3,0,'425d6a7a01bd11e6bed5a0999b110193'),(393,3,'2016-04-13 21:20:30.549721','2016-04-13 21:20:34.867972',3,39,3,1,'425d6a7a01bd11e6bed5a0999b110193'),(394,3,'2016-04-13 21:20:34.884819','2016-04-13 21:20:41.084533',4,39,3,1,'425d6a7a01bd11e6bed5a0999b110193'),(395,3,'2016-04-13 21:20:41.095731','2016-04-13 21:20:49.225315',5,39,3,1,'425d6a7a01bd11e6bed5a0999b110193'),(396,1,'2016-04-13 22:14:30.935537','2016-04-13 22:14:34.301480',1,39,3,1,'425d6a7a01bd11e6bed5a0999b110193'),(397,1,'2016-04-13 22:14:34.311585','2016-04-13 22:14:36.866070',2,39,3,1,'425d6a7a01bd11e6bed5a0999b110193'),(398,1,'2016-04-13 22:14:36.874631','2016-04-13 22:14:39.682777',3,39,3,1,'425d6a7a01bd11e6bed5a0999b110193'),(399,1,'2016-04-13 22:14:39.691660','2016-04-13 22:14:41.980174',4,39,3,1,'425d6a7a01bd11e6bed5a0999b110193'),(400,1,'2016-04-13 22:14:41.991368','2016-04-13 22:14:44.163098',5,39,3,1,'425d6a7a01bd11e6bed5a0999b110193'),(401,1,'2016-04-13 22:19:48.280339','2016-04-13 22:19:55.538152',1,39,3,0,'425d6a7a01bd11e6bed5a0999b110193'),(402,1,'2016-04-13 22:19:55.547711','2016-04-13 22:20:00.156671',2,39,3,1,'425d6a7a01bd11e6bed5a0999b110193'),(403,1,'2016-04-13 22:20:00.164482','2016-04-13 22:20:02.301430',3,39,3,1,'425d6a7a01bd11e6bed5a0999b110193'),(404,1,'2016-04-13 22:20:02.309358','2016-04-13 22:20:05.021590',4,39,3,1,'425d6a7a01bd11e6bed5a0999b110193'),(405,1,'2016-04-13 22:20:05.030028','2016-04-13 22:20:09.024734',5,39,3,1,'425d6a7a01bd11e6bed5a0999b110193'),(406,4,'2016-04-13 22:21:27.874783','2016-04-13 22:21:34.767300',1,39,3,1,'425d6a7a01bd11e6bed5a0999b110193'),(407,4,'2016-04-13 22:21:34.776078','2016-04-13 22:21:40.940229',2,39,3,1,'425d6a7a01bd11e6bed5a0999b110193'),(408,4,'2016-04-13 22:21:40.948842','2016-04-13 22:21:48.185678',3,39,3,1,'425d6a7a01bd11e6bed5a0999b110193'),(409,4,'2016-04-13 22:21:48.196725','2016-04-13 22:21:52.929314',4,39,3,1,'425d6a7a01bd11e6bed5a0999b110193'),(410,4,'2016-04-13 22:21:52.944427','2016-04-13 22:21:57.574427',5,39,3,1,'425d6a7a01bd11e6bed5a0999b110193'),(411,1,'2016-04-13 22:26:49.172736','2016-04-13 22:26:52.973151',1,39,3,1,'425d6a7a01bd11e6bed5a0999b110193'),(412,1,'2016-04-13 22:26:52.982545','2016-04-13 22:26:56.759407',2,39,3,1,'425d6a7a01bd11e6bed5a0999b110193'),(413,1,'2016-04-13 22:26:56.768572','2016-04-13 22:26:59.263186',3,39,3,1,'425d6a7a01bd11e6bed5a0999b110193'),(414,1,'2016-04-13 22:26:59.271459','2016-04-13 22:27:01.623991',4,39,3,1,'425d6a7a01bd11e6bed5a0999b110193'),(415,1,'2016-04-13 22:27:01.633926','2016-04-13 22:27:06.309227',5,39,3,1,'425d6a7a01bd11e6bed5a0999b110193'),(416,1,'2016-04-13 22:28:14.715252','2016-04-13 22:28:17.407328',1,39,3,0,'425d6a7a01bd11e6bed5a0999b110193'),(417,1,'2016-04-13 22:28:17.415220','2016-04-13 22:28:24.121240',2,39,3,1,'425d6a7a01bd11e6bed5a0999b110193'),(418,1,'2016-04-13 22:28:24.130507','2016-04-13 22:28:28.465529',3,39,3,1,'425d6a7a01bd11e6bed5a0999b110193'),(419,1,'2016-04-13 22:28:28.474115','2016-04-13 22:28:32.500522',4,39,3,1,'425d6a7a01bd11e6bed5a0999b110193'),(420,1,'2016-04-13 22:28:32.509015','2016-04-13 22:28:36.358561',5,39,3,1,'425d6a7a01bd11e6bed5a0999b110193'),(421,4,'2016-04-13 22:43:32.752001','2016-04-13 22:43:38.956773',1,39,3,1,'425d6a7a01bd11e6bed5a0999b110193'),(422,4,'2016-04-13 22:43:38.966598','2016-04-13 22:43:44.780580',2,39,3,1,'425d6a7a01bd11e6bed5a0999b110193'),(423,4,'2016-04-13 22:43:44.787621','2016-04-13 22:43:51.757703',3,39,3,1,'425d6a7a01bd11e6bed5a0999b110193'),(424,4,'2016-04-13 22:43:51.768294','2016-04-13 22:44:56.502167',4,39,3,0,'425d6a7a01bd11e6bed5a0999b110193'),(425,4,'2016-04-13 22:44:56.512034','2016-04-13 22:45:00.546305',5,39,3,0,'425d6a7a01bd11e6bed5a0999b110193'),(426,4,'2016-04-13 22:45:09.007270','2016-04-13 22:45:13.547396',1,39,3,0,'5afc1e0a01c911e6b99ca0999b110193'),(427,4,'2016-04-13 22:45:13.558221','2016-04-13 22:45:37.570828',2,39,3,0,'5afc1e0a01c911e6b99ca0999b110193'),(428,4,'2016-04-13 22:45:37.580667','2016-04-13 22:45:39.365945',3,39,3,0,'5afc1e0a01c911e6b99ca0999b110193'),(429,4,'2016-04-13 22:45:39.375117','2016-04-13 22:45:41.628843',4,39,3,0,'5afc1e0a01c911e6b99ca0999b110193'),(430,4,'2016-04-13 22:45:41.641734','2016-04-13 22:45:46.621357',5,39,3,1,'5afc1e0a01c911e6b99ca0999b110193'),(431,0,'2016-04-13 22:51:59.139293','2016-04-13 22:52:03.533199',1,41,3,1,'51aa8b7501ca11e6a2d4a0999b110193'),(432,0,'2016-04-13 22:52:03.544715','2016-04-13 22:52:06.325281',2,41,3,1,'51aa8b7501ca11e6a2d4a0999b110193'),(433,0,'2016-04-13 22:52:06.334548','2016-04-13 22:52:09.122710',3,41,3,1,'51aa8b7501ca11e6a2d4a0999b110193'),(434,0,'2016-04-13 22:52:09.131583','2016-04-13 22:52:14.533544',4,41,3,1,'51aa8b7501ca11e6a2d4a0999b110193'),(435,0,'2016-04-13 22:52:14.548359','2016-04-13 22:53:15.423845',5,41,3,1,'51aa8b7501ca11e6a2d4a0999b110193'),(436,1,'2016-04-13 22:53:29.857789','2016-04-13 22:53:32.612463',1,41,3,1,'81d6381701ca11e68cada0999b110193'),(437,1,'2016-04-13 22:53:32.620665','2016-04-13 22:53:34.707169',2,41,3,1,'81d6381701ca11e68cada0999b110193'),(438,1,'2016-04-13 22:53:34.714685','2016-04-13 22:53:37.523993',3,41,3,1,'81d6381701ca11e68cada0999b110193'),(439,1,'2016-04-13 22:53:37.531919','2016-04-13 22:53:40.493738',4,41,3,1,'81d6381701ca11e68cada0999b110193'),(440,1,'2016-04-13 22:53:40.503699','2016-04-13 22:53:43.908455',5,41,3,1,'81d6381701ca11e68cada0999b110193'),(441,1,'2016-04-13 22:57:07.691313','2016-04-13 22:57:11.744939',1,41,3,1,'92d0d6ba01ca11e6aae4a0999b110193'),(442,1,'2016-04-13 22:57:11.757216','2016-04-13 22:57:14.826844',2,41,3,1,'92d0d6ba01ca11e6aae4a0999b110193'),(443,1,'2016-04-13 22:57:14.838831','2016-04-13 22:57:18.196026',3,41,3,1,'92d0d6ba01ca11e6aae4a0999b110193'),(444,1,'2016-04-13 22:57:18.203775','2016-04-13 22:57:21.494787',4,41,3,1,'92d0d6ba01ca11e6aae4a0999b110193'),(445,1,'2016-04-13 22:57:21.503673','2016-04-13 22:57:24.818050',5,41,3,1,'92d0d6ba01ca11e6aae4a0999b110193'),(446,1,'2016-04-13 22:59:34.218731','2016-04-13 22:59:39.175205',1,41,3,0,'167d11ba01cb11e6887aa0999b110193'),(447,1,'2016-04-13 22:59:39.184165','2016-04-13 22:59:44.352497',2,41,3,1,'167d11ba01cb11e6887aa0999b110193'),(448,1,'2016-04-13 22:59:44.364921','2016-04-13 22:59:47.586643',3,41,3,1,'167d11ba01cb11e6887aa0999b110193'),(449,1,'2016-04-13 22:59:47.599897','2016-04-13 22:59:50.518435',4,41,3,1,'167d11ba01cb11e6887aa0999b110193'),(450,1,'2016-04-13 22:59:50.527285','2016-04-13 22:59:53.684094',5,41,3,1,'167d11ba01cb11e6887aa0999b110193'),(451,2,'2016-04-13 23:01:05.955578','2016-04-13 23:01:10.017772',1,41,3,1,'6f381a6601cb11e69d09a0999b110193'),(452,2,'2016-04-13 23:01:10.028391','2016-04-13 23:01:13.133656',2,41,3,1,'6f381a6601cb11e69d09a0999b110193'),(453,2,'2016-04-13 23:01:13.145253','2016-04-13 23:01:20.442156',3,41,3,1,'6f381a6601cb11e69d09a0999b110193'),(454,2,'2016-04-13 23:01:20.450189','2016-04-13 23:01:23.657477',4,41,3,1,'6f381a6601cb11e69d09a0999b110193'),(455,2,'2016-04-13 23:01:23.664931','2016-04-13 23:01:27.655710',5,41,3,1,'6f381a6601cb11e69d09a0999b110193'),(456,1,'2016-04-17 01:09:02.217531','2016-04-17 01:09:05.155888',1,41,3,1,'a73b78b801cb11e69f8da0999b110193'),(457,1,'2016-04-17 01:09:05.164965','2016-04-17 01:09:07.613681',2,41,3,1,'a73b78b801cb11e69f8da0999b110193'),(458,1,'2016-04-17 01:09:07.624862','2016-04-17 01:09:14.497771',3,41,3,1,'a73b78b801cb11e69f8da0999b110193'),(459,1,'2016-04-17 01:09:14.508576','2016-04-17 01:09:18.382773',4,41,3,1,'a73b78b801cb11e69f8da0999b110193'),(460,1,'2016-04-17 01:09:18.392438','2016-04-17 01:09:21.855401',5,41,3,1,'a73b78b801cb11e69f8da0999b110193'),(461,1,'2016-04-17 01:09:27.178356','2016-04-17 01:09:30.433760',1,41,3,1,'04dc5463043911e68fb1a0999b110193'),(462,1,'2016-04-17 01:09:30.441333','2016-04-17 01:09:33.966459',2,41,3,1,'04dc5463043911e68fb1a0999b110193'),(463,1,'2016-04-17 01:09:33.981247','2016-04-17 01:09:37.195355',3,41,3,1,'04dc5463043911e68fb1a0999b110193'),(464,1,'2016-04-17 01:09:37.204598','2016-04-17 01:09:41.420768',4,41,3,1,'04dc5463043911e68fb1a0999b110193'),(465,1,'2016-04-17 01:09:41.429640','2016-04-17 01:09:44.165962',5,41,3,1,'04dc5463043911e68fb1a0999b110193'),(466,0,'2016-04-17 01:54:50.471953','2016-04-17 01:54:52.889761',1,42,3,1,'5d24bf1e043f11e686a9a0999b110193'),(467,0,'2016-04-17 01:54:52.898959','2016-04-17 01:54:55.357276',2,42,3,1,'5d24bf1e043f11e686a9a0999b110193'),(468,0,'2016-04-17 01:54:55.366047','2016-04-17 01:54:58.547967',3,42,3,1,'5d24bf1e043f11e686a9a0999b110193'),(469,0,'2016-04-17 01:54:58.558619','2016-04-17 01:55:01.281901',4,42,3,1,'5d24bf1e043f11e686a9a0999b110193'),(470,0,'2016-04-17 01:55:01.291474','2016-04-17 01:55:04.352007',5,42,3,1,'5d24bf1e043f11e686a9a0999b110193'),(471,3,'2016-04-17 01:55:07.070973','2016-04-17 01:55:17.132249',1,42,3,1,'674e5fa6043f11e6a26da0999b110193'),(472,3,'2016-04-17 01:55:17.142262','2016-04-17 01:55:19.773072',2,42,3,1,'674e5fa6043f11e6a26da0999b110193'),(473,3,'2016-04-17 01:55:19.784377','2016-04-17 01:55:24.665407',3,42,3,1,'674e5fa6043f11e6a26da0999b110193'),(474,3,'2016-04-17 01:55:24.673873','2016-04-17 01:55:28.937850',4,42,3,1,'674e5fa6043f11e6a26da0999b110193'),(475,3,'2016-04-17 01:55:28.951962','2016-04-17 01:55:34.638636',5,42,3,1,'674e5fa6043f11e6a26da0999b110193'),(476,4,'2016-04-17 01:55:43.675151','2016-04-17 01:55:48.581624',1,42,3,1,'795c2b91043f11e6a3d9a0999b110193'),(477,4,'2016-04-17 01:55:48.589668','2016-04-17 01:55:52.547368',2,42,3,1,'795c2b91043f11e6a3d9a0999b110193'),(478,4,'2016-04-17 01:55:52.555711','2016-04-17 01:55:56.305981',3,42,3,1,'795c2b91043f11e6a3d9a0999b110193'),(479,4,'2016-04-17 01:55:56.315151','2016-04-17 01:56:02.781563',4,42,3,1,'795c2b91043f11e6a3d9a0999b110193'),(480,4,'2016-04-17 01:56:02.790103','2016-04-17 01:56:08.383400',5,42,3,1,'795c2b91043f11e6a3d9a0999b110193'),(481,3,'2016-04-17 01:58:31.390117','2016-04-17 01:58:35.058625',1,42,3,0,'8d79e41e043f11e68295a0999b110193'),(482,3,'2016-04-17 01:58:35.068783','2016-04-17 01:58:42.077747',2,42,3,1,'8d79e41e043f11e68295a0999b110193'),(483,3,'2016-04-17 01:58:42.087198','2016-04-17 01:58:48.601744',3,42,3,1,'8d79e41e043f11e68295a0999b110193'),(484,3,'2016-04-17 01:58:48.609161','2016-04-17 01:58:55.686478',4,42,3,1,'8d79e41e043f11e68295a0999b110193'),(485,3,'2016-04-17 01:58:55.695068','2016-04-17 01:59:03.706478',5,42,3,1,'8d79e41e043f11e68295a0999b110193'),(486,3,'2016-04-17 01:59:22.658426','2016-04-17 01:59:38.346850',1,42,3,1,'f5f8f7de043f11e6b234a0999b110193'),(487,3,'2016-04-17 01:59:38.357174','2016-04-17 01:59:41.608013',2,42,3,1,'f5f8f7de043f11e6b234a0999b110193'),(488,3,'2016-04-17 01:59:41.616858','2016-04-17 01:59:46.399094',3,42,3,1,'f5f8f7de043f11e6b234a0999b110193'),(489,3,'2016-04-17 01:59:46.407419','2016-04-17 01:59:54.078755',4,42,3,1,'f5f8f7de043f11e6b234a0999b110193'),(490,3,'2016-04-17 01:59:54.086964','2016-04-17 01:59:59.982794',5,42,3,0,'f5f8f7de043f11e6b234a0999b110193'),(491,3,'2016-04-17 02:00:20.472914','2016-04-17 02:00:25.356179',1,42,3,1,'1783ec42044011e686dfa0999b110193'),(492,3,'2016-04-17 02:00:25.365549','2016-04-17 02:00:28.386268',2,42,3,1,'1783ec42044011e686dfa0999b110193'),(493,3,'2016-04-17 02:00:28.394932','2016-04-17 02:00:35.796456',3,42,3,1,'1783ec42044011e686dfa0999b110193'),(494,3,'2016-04-17 02:00:35.806501','2016-04-17 02:00:42.249234',4,42,3,1,'1783ec42044011e686dfa0999b110193'),(495,3,'2016-04-17 02:00:42.257390','2016-04-17 02:00:45.919197',5,42,3,1,'1783ec42044011e686dfa0999b110193'),(496,3,'2016-04-17 02:01:20.290110','2016-04-17 02:01:27.618270',1,42,3,0,'32e57140044011e69371a0999b110193'),(497,3,'2016-04-17 02:01:27.630641','2016-04-17 02:01:30.133805',2,42,3,0,'32e57140044011e69371a0999b110193'),(498,3,'2016-04-17 02:01:30.142136','2016-04-17 02:01:34.802980',3,42,3,1,'32e57140044011e69371a0999b110193'),(499,3,'2016-04-17 02:01:34.811261','2016-04-17 02:01:39.159578',4,42,3,1,'32e57140044011e69371a0999b110193'),(500,3,'2016-04-17 02:01:39.168610','2016-04-17 02:01:42.796725',5,42,3,1,'32e57140044011e69371a0999b110193'),(501,3,'2016-04-17 02:02:22.655234','2016-04-17 02:02:31.355013',1,42,3,0,'54cbaa05044011e69d33a0999b110193'),(502,3,'2016-04-17 02:02:31.362879','2016-04-17 02:02:33.616961',2,42,3,0,'54cbaa05044011e69d33a0999b110193'),(503,3,'2016-04-17 02:02:33.627424','2016-04-17 02:02:35.908711',3,42,3,0,'54cbaa05044011e69d33a0999b110193'),(504,3,'2016-04-17 02:02:35.917983','2016-04-17 02:02:45.294909',4,42,3,0,'54cbaa05044011e69d33a0999b110193'),(505,3,'2016-04-17 02:02:45.303829','2016-04-17 02:02:48.553501',5,42,3,1,'54cbaa05044011e69d33a0999b110193'),(506,0,'2016-04-17 02:06:16.661587','2016-04-17 02:06:21.847228',1,43,3,1,'f5f5c87d044011e69d07a0999b110193'),(507,0,'2016-04-17 02:06:21.855559','2016-04-17 02:06:26.024028',2,43,3,1,'f5f5c87d044011e69d07a0999b110193'),(508,0,'2016-04-17 02:06:26.033716','2016-04-17 02:06:30.044865',3,43,3,1,'f5f5c87d044011e69d07a0999b110193'),(509,0,'2016-04-17 02:06:30.053241','2016-04-17 02:06:33.660345',4,43,3,1,'f5f5c87d044011e69d07a0999b110193'),(510,0,'2016-04-17 02:06:33.668271','2016-04-17 02:06:39.250806',5,43,3,1,'f5f5c87d044011e69d07a0999b110193'),(511,3,'2016-04-17 02:06:43.996405','2016-04-17 02:07:41.101741',1,43,3,1,'05a03399044111e6be75a0999b110193'),(512,3,'2016-04-17 02:07:41.110135',NULL,2,43,3,0,'05a03399044111e6be75a0999b110193'),(513,3,'2016-04-17 02:08:49.288166','2016-04-17 02:10:54.529804',2,43,3,0,'05a03399044111e6be75a0999b110193'),(514,3,'2016-04-17 02:10:54.539552','2016-04-17 02:12:29.577847',3,43,3,1,'05a03399044111e6be75a0999b110193'),(515,3,'2016-04-17 02:12:29.585837','2016-04-17 02:13:22.366503',4,43,3,1,'05a03399044111e6be75a0999b110193'),(516,3,'2016-04-17 02:13:22.378266','2016-04-17 02:13:44.141977',5,43,3,1,'05a03399044111e6be75a0999b110193'),(517,4,'2016-04-17 02:13:53.672355','2016-04-17 02:16:34.204984',1,43,3,0,'02de6a68044211e68eeca0999b110193'),(518,4,'2016-04-17 02:16:34.217106','2016-04-17 02:20:19.050351',2,43,3,1,'02de6a68044211e68eeca0999b110193'),(519,4,'2016-04-17 02:20:19.061161','2016-04-17 02:22:06.784227',3,43,3,1,'02de6a68044211e68eeca0999b110193'),(520,4,'2016-04-17 02:22:06.797317','2016-04-17 02:22:59.450122',4,43,3,1,'02de6a68044211e68eeca0999b110193'),(521,4,'2016-04-17 02:22:59.459154','2016-04-17 02:23:57.977061',5,43,3,1,'02de6a68044211e68eeca0999b110193'),(522,4,'2016-04-17 03:08:15.974857','2016-04-17 03:09:43.763549',1,43,3,1,'70a132ee044311e6ab6da0999b110193'),(523,4,'2016-04-17 03:09:43.771627','2016-04-17 03:12:21.199341',2,43,3,0,'70a132ee044311e6ab6da0999b110193'),(524,4,'2016-04-17 03:12:21.208836','2016-04-17 03:12:29.029911',3,43,3,1,'70a132ee044311e6ab6da0999b110193'),(525,4,'2016-04-17 03:12:29.042368','2016-04-17 03:13:53.524850',4,43,3,1,'70a132ee044311e6ab6da0999b110193'),(526,4,'2016-04-17 03:13:53.537160','2016-04-17 03:15:20.538277',5,43,3,1,'70a132ee044311e6ab6da0999b110193'),(527,5,'2016-04-17 03:15:26.480492','2016-04-17 03:17:41.804481',1,43,3,0,'9dfa61f3044a11e69bc5a0999b110193'),(528,5,'2016-04-17 03:17:41.813709',NULL,2,43,3,0,'9dfa61f3044a11e69bc5a0999b110193'),(529,0,'2016-04-18 04:40:22.163340','2016-04-18 04:40:26.772542',1,44,3,1,'9ecf0e68051f11e69a22a0999b110193'),(530,0,'2016-04-18 04:40:26.781220','2016-04-18 04:40:42.863659',2,44,3,1,'9ecf0e68051f11e69a22a0999b110193'),(531,0,'2016-04-18 04:40:42.875290','2016-04-18 04:40:45.432293',3,44,3,1,'9ecf0e68051f11e69a22a0999b110193'),(532,0,'2016-04-18 04:40:45.442471','2016-04-18 04:40:48.197684',4,44,3,1,'9ecf0e68051f11e69a22a0999b110193'),(533,0,'2016-04-18 04:40:48.209193','2016-04-18 04:40:58.556856',5,44,3,1,'9ecf0e68051f11e69a22a0999b110193'),(534,3,'2016-04-18 04:41:11.214802','2016-04-18 04:41:23.259366',1,44,3,0,'bef0bc00051f11e6a0caa0999b110193'),(535,3,'2016-04-18 04:41:23.269724','2016-04-18 04:41:31.600564',2,44,3,1,'bef0bc00051f11e6a0caa0999b110193'),(536,3,'2016-04-18 04:41:31.609816','2016-04-18 04:41:37.771280',3,44,3,1,'bef0bc00051f11e6a0caa0999b110193'),(537,3,'2016-04-18 04:41:37.781436','2016-04-18 04:41:46.900438',4,44,3,1,'bef0bc00051f11e6a0caa0999b110193'),(538,3,'2016-04-18 04:41:46.909106','2016-04-18 04:41:56.335817',5,44,3,1,'bef0bc00051f11e6a0caa0999b110193'),(539,4,'2016-04-18 04:42:13.833532','2016-04-18 04:42:18.354574',1,44,3,0,'e1557830051f11e68593a0999b110193'),(540,4,'2016-04-18 04:42:18.367171','2016-04-18 04:42:29.430291',2,44,3,1,'e1557830051f11e68593a0999b110193'),(541,4,'2016-04-18 04:42:29.440037','2016-04-18 04:42:32.588180',3,44,3,0,'e1557830051f11e68593a0999b110193'),(542,4,'2016-04-18 04:42:32.597527','2016-04-18 04:42:39.317525',4,44,3,1,'e1557830051f11e68593a0999b110193'),(543,4,'2016-04-18 04:42:39.327218','2016-04-18 04:42:42.221209',5,44,3,0,'e1557830051f11e68593a0999b110193'),(544,4,'2016-04-18 04:43:05.322962','2016-04-18 04:43:34.972411',1,44,3,1,'fcad2d2e051f11e6bac8a0999b110193'),(545,4,'2016-04-18 04:43:34.983801','2016-04-18 04:43:44.289260',2,44,3,1,'fcad2d2e051f11e6bac8a0999b110193'),(546,4,'2016-04-18 04:43:44.299654','2016-04-18 04:43:48.839420',3,44,3,1,'fcad2d2e051f11e6bac8a0999b110193'),(547,4,'2016-04-18 04:43:48.849649','2016-04-18 04:43:54.244986',4,44,3,1,'fcad2d2e051f11e6bac8a0999b110193'),(548,4,'2016-04-18 04:43:54.254201','2016-04-18 04:43:59.714233',5,44,3,1,'fcad2d2e051f11e6bac8a0999b110193'),(549,5,'2016-04-18 04:44:08.147135',NULL,1,44,3,0,'2adde666052011e6a096a0999b110193'),(550,0,'2016-04-24 02:21:15.084884','2016-04-24 02:21:39.998594',1,45,3,1,'26de11e309c311e687f0a0999b110193'),(551,0,'2016-04-24 02:21:40.006679','2016-04-24 02:21:51.279160',2,45,3,1,'26de11e309c311e687f0a0999b110193'),(552,0,'2016-04-24 02:21:51.286977','2016-04-24 02:22:04.747285',3,45,3,1,'26de11e309c311e687f0a0999b110193'),(553,0,'2016-04-24 02:22:04.754993','2016-04-24 02:22:26.999363',4,45,3,1,'26de11e309c311e687f0a0999b110193'),(554,0,'2016-04-24 02:22:27.006977','2016-04-24 02:22:35.515997',5,45,3,1,'26de11e309c311e687f0a0999b110193'),(555,4,'2016-04-24 02:22:48.941642','2016-04-24 02:24:21.270818',1,45,3,1,'6c1f942609c311e6a755a0999b110193'),(556,4,'2016-04-24 02:24:21.281149','2016-04-24 02:25:01.832594',2,45,3,1,'6c1f942609c311e6a755a0999b110193'),(557,4,'2016-04-24 02:25:01.840454','2016-04-24 02:25:43.750183',3,45,3,0,'6c1f942609c311e6a755a0999b110193'),(558,4,'2016-04-24 02:25:43.758271','2016-04-24 02:26:41.939061',4,45,3,1,'6c1f942609c311e6a755a0999b110193'),(559,4,'2016-04-24 02:26:41.947315','2016-04-24 02:28:11.031231',5,45,3,1,'6c1f942609c311e6a755a0999b110193'),(560,5,'2016-04-24 02:28:19.755245','2016-04-24 02:33:06.686917',1,45,3,1,'3059ac3d09c411e6ac7ca0999b110193'),(561,5,'2016-04-24 02:33:06.694134','2016-04-24 02:34:01.808886',2,45,3,1,'3059ac3d09c411e6ac7ca0999b110193'),(562,5,'2016-04-24 02:34:01.816942','2016-04-24 02:34:29.881160',3,45,3,1,'3059ac3d09c411e6ac7ca0999b110193'),(563,5,'2016-04-24 02:34:29.889742','2016-04-24 02:35:18.332334',4,45,3,1,'3059ac3d09c411e6ac7ca0999b110193'),(564,5,'2016-04-24 02:35:18.339643','2016-04-24 02:37:35.900795',5,45,3,1,'3059ac3d09c411e6ac7ca0999b110193'),(565,5,'2016-04-24 03:40:47.925015',NULL,1,45,3,0,'bdba835409cd11e68b93a0999b110193'),(566,5,'2016-04-24 03:43:08.488271',NULL,1,45,3,0,'bdba835409cd11e68b93a0999b110193'),(567,7,'2016-04-24 03:48:33.755444','2016-04-24 03:48:46.112712',1,45,3,1,'bdba835409cd11e68b93a0999b110193'),(568,7,'2016-04-24 03:48:46.124468','2016-04-24 03:48:49.323504',2,45,3,1,'bdba835409cd11e68b93a0999b110193'),(569,7,'2016-04-24 03:48:49.331713','2016-04-24 03:48:53.265047',3,45,3,1,'bdba835409cd11e68b93a0999b110193'),(570,7,'2016-04-24 03:48:53.274623','2016-04-24 03:49:01.982042',4,45,3,1,'bdba835409cd11e68b93a0999b110193'),(571,7,'2016-04-24 03:49:02.000124','2016-04-24 03:49:05.017176',5,45,3,1,'bdba835409cd11e68b93a0999b110193'),(572,3,'2016-04-24 03:53:53.100118',NULL,1,45,3,0,'fc3c062809cf11e6b3d1a0999b110193'),(573,7,'2016-04-24 03:55:43.513688','2016-04-24 03:55:47.351844',1,45,3,0,'6408c2dc09d011e69e5fa0999b110193'),(574,7,'2016-04-24 03:55:47.359509','2016-04-24 03:55:49.114794',2,45,3,0,'6408c2dc09d011e69e5fa0999b110193'),(575,7,'2016-04-24 03:55:49.122690','2016-04-24 03:55:51.842254',3,45,3,1,'6408c2dc09d011e69e5fa0999b110193'),(576,7,'2016-04-24 03:55:51.854636','2016-04-24 03:55:53.631469',4,45,3,0,'6408c2dc09d011e69e5fa0999b110193'),(577,7,'2016-04-24 03:55:53.639827','2016-04-24 03:55:56.259557',5,45,3,0,'6408c2dc09d011e69e5fa0999b110193'),(578,7,'2016-04-24 03:58:50.764061','2016-04-24 03:58:54.202950',1,45,3,1,'cefa055e09d011e69d38a0999b110193'),(579,7,'2016-04-24 03:58:54.211381','2016-04-24 03:58:56.447946',2,45,3,0,'cefa055e09d011e69d38a0999b110193'),(580,7,'2016-04-24 03:58:56.458000','2016-04-24 03:58:58.994097',3,45,3,1,'cefa055e09d011e69d38a0999b110193'),(581,7,'2016-04-24 03:58:59.002793','2016-04-24 03:59:01.642613',4,45,3,1,'cefa055e09d011e69d38a0999b110193'),(582,7,'2016-04-24 03:59:01.650470','2016-04-24 03:59:04.778991',5,45,3,1,'cefa055e09d011e69d38a0999b110193'),(583,1,'2016-04-24 03:59:35.331124',NULL,1,45,3,0,'e3097b2609d011e6a192a0999b110193'),(584,7,'2016-04-24 03:59:45.246451','2016-04-24 03:59:47.900159',1,45,3,1,'e3097b2609d011e6a192a0999b110193'),(585,7,'2016-04-24 03:59:47.912387','2016-04-24 03:59:50.052720',2,45,3,1,'e3097b2609d011e6a192a0999b110193'),(586,7,'2016-04-24 03:59:50.062516','2016-04-24 03:59:52.578976',3,45,3,1,'e3097b2609d011e6a192a0999b110193'),(587,7,'2016-04-24 03:59:52.586496','2016-04-24 03:59:54.978906',4,45,3,1,'e3097b2609d011e6a192a0999b110193'),(588,7,'2016-04-24 03:59:54.986694','2016-04-24 03:59:57.091074',5,45,3,1,'e3097b2609d011e6a192a0999b110193'),(589,7,'2016-04-24 04:00:37.302030','2016-04-24 04:00:40.025149',1,45,3,1,'18e4e9d709d111e6890ea0999b110193'),(590,7,'2016-04-24 04:00:40.034460','2016-04-24 04:00:42.207302',2,45,3,1,'18e4e9d709d111e6890ea0999b110193'),(591,7,'2016-04-24 04:00:42.218269','2016-04-24 04:00:45.931378',3,45,3,1,'18e4e9d709d111e6890ea0999b110193'),(592,7,'2016-04-24 04:00:45.938988','2016-04-24 04:00:48.187466',4,45,3,1,'18e4e9d709d111e6890ea0999b110193'),(593,7,'2016-04-24 04:00:48.195220','2016-04-24 04:00:50.304260',5,45,3,1,'18e4e9d709d111e6890ea0999b110193'),(594,1,'2016-04-24 04:01:11.668319','2016-04-24 04:01:14.597410',1,45,3,1,'21f03e3509d111e6bd05a0999b110193'),(595,1,'2016-04-24 04:01:14.605972','2016-04-24 04:01:17.279885',2,45,3,1,'21f03e3509d111e6bd05a0999b110193'),(596,1,'2016-04-24 04:01:17.288314','2016-04-24 04:01:22.063228',3,45,3,1,'21f03e3509d111e6bd05a0999b110193'),(597,1,'2016-04-24 04:01:22.073105','2016-04-24 04:01:27.426199',4,45,3,1,'21f03e3509d111e6bd05a0999b110193'),(598,1,'2016-04-24 04:01:27.433958','2016-04-24 04:01:30.251421',5,45,3,1,'21f03e3509d111e6bd05a0999b110193'),(599,6,'2016-04-24 04:02:01.957369','2016-04-24 04:02:23.409847',1,45,3,1,'4b90682609d111e6b712a0999b110193'),(600,6,'2016-04-24 04:02:23.417006','2016-04-24 04:02:31.970285',2,45,3,1,'4b90682609d111e6b712a0999b110193'),(601,6,'2016-04-24 04:02:31.980218','2016-04-24 04:02:39.139356',3,45,3,1,'4b90682609d111e6b712a0999b110193'),(602,6,'2016-04-24 04:02:39.148457','2016-04-24 04:02:50.549602',4,45,3,1,'4b90682609d111e6b712a0999b110193'),(603,6,'2016-04-24 04:02:50.558239','2016-04-24 04:02:58.626979',5,45,3,1,'4b90682609d111e6b712a0999b110193'),(604,7,'2016-04-24 04:04:13.298165','2016-04-24 04:04:17.193931',1,45,3,1,'99f8ef5709d111e6b1cda0999b110193'),(605,7,'2016-04-24 04:04:17.203032','2016-04-24 04:04:19.385804',2,45,3,1,'99f8ef5709d111e6b1cda0999b110193'),(606,7,'2016-04-24 04:04:19.393769','2016-04-24 04:04:23.678392',3,45,3,1,'99f8ef5709d111e6b1cda0999b110193'),(607,7,'2016-04-24 04:04:23.686681','2016-04-24 04:04:29.100421',4,45,3,1,'99f8ef5709d111e6b1cda0999b110193'),(608,7,'2016-04-24 04:04:29.111030','2016-04-24 04:06:00.274829',5,45,3,1,'99f8ef5709d111e6b1cda0999b110193'),(609,8,'2016-04-24 04:06:10.919803','2016-04-24 04:06:14.967666',1,45,3,1,'dab0682e09d111e6837ea0999b110193'),(610,8,'2016-04-24 04:06:14.975155','2016-04-24 04:06:25.040421',2,45,3,1,'dab0682e09d111e6837ea0999b110193'),(611,8,'2016-04-24 04:06:25.048097','2016-04-24 04:06:35.798158',3,45,3,1,'dab0682e09d111e6837ea0999b110193'),(612,8,'2016-04-24 04:06:35.807886','2016-04-24 04:06:38.896537',4,45,3,1,'dab0682e09d111e6837ea0999b110193'),(613,8,'2016-04-24 04:06:38.907832','2016-04-24 04:06:42.283807',5,45,3,1,'dab0682e09d111e6837ea0999b110193'),(614,5,'2016-04-24 04:08:00.776764','2016-04-24 04:08:11.489115',1,45,3,1,'1d60018709d211e6a4cba0999b110193'),(615,5,'2016-04-24 04:08:11.501280','2016-04-24 04:08:20.134471',2,45,3,1,'1d60018709d211e6a4cba0999b110193'),(616,5,'2016-04-24 04:08:20.142001','2016-04-24 04:08:29.046457',3,45,3,1,'1d60018709d211e6a4cba0999b110193'),(617,5,'2016-04-24 04:08:29.054286','2016-04-24 04:08:37.596262',4,45,3,1,'1d60018709d211e6a4cba0999b110193'),(618,5,'2016-04-24 04:08:37.604470','2016-04-24 04:08:46.906786',5,45,3,1,'1d60018709d211e6a4cba0999b110193'),(619,5,'2016-04-24 04:09:16.733675','2016-04-24 04:09:22.088566',1,45,3,1,'4e41b8e309d211e6b189a0999b110193'),(620,5,'2016-04-24 04:09:22.096439','2016-04-24 04:09:35.615093',2,45,3,1,'4e41b8e309d211e6b189a0999b110193'),(621,5,'2016-04-24 04:09:35.628092','2016-04-24 04:09:49.768972',3,45,3,1,'4e41b8e309d211e6b189a0999b110193'),(622,5,'2016-04-24 04:09:49.777992','2016-04-24 04:09:58.913710',4,45,3,1,'4e41b8e309d211e6b189a0999b110193'),(623,5,'2016-04-24 04:09:58.921750','2016-04-24 04:10:32.134016',5,45,3,0,'4e41b8e309d211e6b189a0999b110193'),(624,5,'2016-04-24 04:11:03.762007','2016-04-24 04:11:35.093805',1,45,3,1,'8df38fb009d211e6876ea0999b110193'),(625,5,'2016-04-24 04:11:35.105066','2016-04-24 04:11:38.598979',2,45,3,0,'8df38fb009d211e6876ea0999b110193'),(626,5,'2016-04-24 04:11:38.609417','2016-04-24 04:11:41.628332',3,45,3,0,'8df38fb009d211e6876ea0999b110193'),(627,5,'2016-04-24 04:11:41.639301','2016-04-24 04:11:46.942547',4,45,3,0,'8df38fb009d211e6876ea0999b110193'),(628,5,'2016-04-24 04:11:46.953827','2016-04-24 04:11:59.694808',5,45,3,1,'8df38fb009d211e6876ea0999b110193'),(629,7,'2016-04-24 04:12:22.329448',NULL,1,45,3,0,'b0ec799709d211e6a029a0999b110193'),(630,5,'2016-04-24 04:12:36.681335','2016-04-24 04:12:39.889728',1,45,3,0,'b0ec799709d211e6a029a0999b110193'),(631,5,'2016-04-24 04:12:39.898163','2016-04-24 04:12:41.731140',2,45,3,0,'b0ec799709d211e6a029a0999b110193'),(632,5,'2016-04-24 04:12:41.738860','2016-04-24 04:12:43.543575',3,45,3,0,'b0ec799709d211e6a029a0999b110193'),(633,5,'2016-04-24 04:12:43.551336','2016-04-24 04:12:45.267192',4,45,3,0,'b0ec799709d211e6a029a0999b110193'),(634,5,'2016-04-24 04:12:45.274973','2016-04-24 04:19:19.307799',5,45,3,0,'b0ec799709d211e6a029a0999b110193'),(635,4,'2016-04-24 04:19:44.753701','2016-04-24 04:19:46.918008',1,45,3,0,'c4c3ab0209d311e6bacba0999b110193'),(636,4,'2016-04-24 04:19:46.928254','2016-04-24 04:19:48.539550',2,45,3,0,'c4c3ab0209d311e6bacba0999b110193'),(637,4,'2016-04-24 04:19:48.550599','2016-04-24 04:19:49.975309',3,45,3,0,'c4c3ab0209d311e6bacba0999b110193'),(638,4,'2016-04-24 04:19:49.985345','2016-04-24 04:19:51.509309',4,45,3,0,'c4c3ab0209d311e6bacba0999b110193'),(639,4,'2016-04-24 04:19:51.519715','2016-04-24 04:19:53.737336',5,45,3,0,'c4c3ab0209d311e6bacba0999b110193'),(640,4,'2016-04-24 04:19:57.058459',NULL,1,45,3,0,'cb73f9f009d311e68c6ba0999b110193'),(641,3,'2016-04-24 04:20:06.964140','2016-04-24 04:20:10.102006',1,45,3,0,'cb73f9f009d311e68c6ba0999b110193'),(642,3,'2016-04-24 04:20:10.114685','2016-04-24 04:20:12.186898',2,45,3,0,'cb73f9f009d311e68c6ba0999b110193'),(643,3,'2016-04-24 04:20:12.198788','2016-04-24 04:20:14.108341',3,45,3,0,'cb73f9f009d311e68c6ba0999b110193'),(644,3,'2016-04-24 04:20:14.122418','2016-04-24 04:20:15.878556',4,45,3,0,'cb73f9f009d311e68c6ba0999b110193'),(645,3,'2016-04-24 04:20:15.889738','2016-04-24 04:20:20.229066',5,45,3,1,'cb73f9f009d311e68c6ba0999b110193');
/*!40000 ALTER TABLE `education_sessions` ENABLE KEYS */;
UNLOCK TABLES;

--
-- Table structure for table `education_training`
--

DROP TABLE IF EXISTS `education_training`;
/*!40101 SET @saved_cs_client     = @@character_set_client */;
/*!40101 SET character_set_client = utf8 */;
CREATE TABLE `education_training` (
  `id` int(11) NOT NULL AUTO_INCREMENT,
  `training_accuracy` double DEFAULT NULL,
  `sample_size` int(11) DEFAULT NULL,
  `created` datetime(6) NOT NULL,
  `fold` int(11),
  `subset_accuracy` longtext,
  `test_accuracy` double,
  PRIMARY KEY (`id`),
  KEY `education_training_e2fa5388` (`created`)
) ENGINE=InnoDB AUTO_INCREMENT=29 DEFAULT CHARSET=utf8;
/*!40101 SET character_set_client = @saved_cs_client */;

--
-- Dumping data for table `education_training`
--

LOCK TABLES `education_training` WRITE;
/*!40000 ALTER TABLE `education_training` DISABLE KEYS */;
INSERT INTO `education_training` VALUES (1,0.232142857142857,31,'2016-04-12 03:02:13.456523',10,'[0.42857142857142855, 0.14285714285714285, 0.42857142857142855, 0.14285714285714285, 0.2857142857142857, 0.14285714285714285, 0.14285714285714285, 0.14285714285714285, 0.0, 0.0]',0),(2,0.232142857142857,31,'2016-04-12 16:52:09.462018',10,'[0.42857142857142855, 0.14285714285714285, 0.42857142857142855, 0.14285714285714285, 0.2857142857142857, 0.14285714285714285, 0.14285714285714285, 0.14285714285714285, 0.0, 0.0]',0),(3,0.25,31,'2016-04-12 17:16:30.566609',10,'[0.42857142857142855, 0.14285714285714285, 0.42857142857142855, 0.14285714285714285, 0.2857142857142857, 0.14285714285714285, 0.14285714285714285, 0.2857142857142857, 0.0, 0.14285714285714285]',0.0714285714285714),(4,0.25,31,'2016-04-12 17:22:00.241468',10,'[0.42857142857142855, 0.14285714285714285, 0.42857142857142855, 0.14285714285714285, 0.2857142857142857, 0.14285714285714285, 0.14285714285714285, 0.2857142857142857, 0.0, 0.14285714285714285]',0.0714285714285714),(5,0.25,31,'2016-04-12 17:25:05.825068',10,'[0.42857142857142855, 0.14285714285714285, 0.42857142857142855, 0.14285714285714285, 0.2857142857142857, 0.14285714285714285, 0.14285714285714285, 0.2857142857142857, 0.0, 0.14285714285714285]',0.0714285714285714),(6,0.166666666666667,31,'2016-04-12 17:29:03.717052',10,'[0.25, 0.0, 0.25, 0.25, 0.25, 0.0, 0.25, 0.25, 0.0, 0.0]',0),(7,0.166666666666667,31,'2016-04-12 17:34:06.277835',10,'[0.25, 0.0, 0.25, 0.25, 0.25, 0.0, 0.25, 0.25, 0.0, 0.0]',0),(8,0.166666666666667,31,'2016-04-12 17:46:00.548746',10,'[0.25, 0.0, 0.25, 0.25, 0.25, 0.0, 0.25, 0.25, 0.0, 0.0]',0),(9,0.166666666666667,31,'2016-04-12 17:46:45.882488',10,'[0.25, 0.0, 0.25, 0.25, 0.25, 0.0, 0.25, 0.25, 0.0, 0.0]',0),(10,0.166666666666667,31,'2016-04-12 17:47:39.803220',10,'[0.25, 0.0, 0.25, 0.25, 0.25, 0.0, 0.25, 0.25, 0.0, 0.0]',0),(11,0.166666666666667,31,'2016-04-12 17:51:54.028224',10,'[0.25, 0.0, 0.25, 0.25, 0.25, 0.0, 0.25, 0.25, 0.0, 0.0]',0),(12,0.277777777777778,38,'2016-04-13 22:48:04.234924',10,'[0.5, 0.0, 0.25, 0.0, 0.5, 0.25, 0.5, 0.0, 0.5, 0.0]',0),(13,0.166666666666667,38,'2016-04-13 22:50:36.850293',10,'[0.25, 0.25, 0.25, 0.0, 0.0, 0.25, 0.25, 0.0, 0.25, 0.0]',0),(14,0.166666666666667,40,'2016-04-13 22:58:12.721444',10,'[0.25, 0.0, 0.25, 0.25, 0.5, 0.0, 0.25, 0.0, 0.0, 0.0]',0),(15,0.194444444444444,40,'2016-04-13 22:59:27.479620',10,'[0.5, 0.25, 0.0, 0.0, 0.5, 0.0, 0.25, 0.25, 0.0, 0.25]',0.25),(16,0.222222222222222,44,'2016-04-17 01:53:50.096638',10,'[0.2, 0.2, 0.6, 0.2, 0.0, 0.4, 0.2, 0.0, 0.2, 0.4]',0.4),(17,0.296296296296296,55,'2016-04-17 02:28:17.635316',10,'[0.0, 0.16666666666666666, 0.6666666666666666, 0.3333333333333333, 0.16666666666666666, 0.3333333333333333, 0.16666666666666666, 0.3333333333333333, 0.5, 0.5]',0.5),(18,0.317460317460317,61,'2016-04-24 02:43:22.093243',10,'[0.2857142857142857, 0.42857142857142855, 0.14285714285714285, 0.5714285714285714, 0.42857142857142855, 0.2857142857142857, 0.42857142857142855, 0.14285714285714285, 0.14285714285714285, 0.14285714285714285]',0.142857142857143),(19,0.301587301587302,63,'2016-04-24 03:56:36.711583',10,'[0.42857142857142855, 0.42857142857142855, 0.14285714285714285, 0.42857142857142855, 0.2857142857142857, 0.14285714285714285, 0.14285714285714285, 0.2857142857142857, 0.42857142857142855, 0.42857142857142855]',0.428571428571429),(20,0.365079365079365,64,'2016-04-24 03:59:32.772776',10,'[0.2857142857142857, 0.42857142857142855, 0.42857142857142855, 0.42857142857142855, 0.2857142857142857, 0.14285714285714285, 0.14285714285714285, 0.5714285714285714, 0.5714285714285714, 0.2857142857142857]',0.285714285714286),(21,0.238095238095238,65,'2016-04-24 04:00:25.895735',10,'[0.2857142857142857, 0.42857142857142855, 0.42857142857142855, 0.14285714285714285, 0.14285714285714285, 0.14285714285714285, 0.2857142857142857, 0.14285714285714285, 0.14285714285714285, 0.2857142857142857]',0.285714285714286),(22,0.317460317460317,68,'2016-04-24 04:04:05.422782',10,'[0.5714285714285714, 0.5714285714285714, 0.14285714285714285, 0.2857142857142857, 0.2857142857142857, 0.42857142857142855, 0.14285714285714285, 0.2857142857142857, 0.14285714285714285, 0.2857142857142857]',0.285714285714286),(23,0.365079365079365,69,'2016-04-24 04:04:53.206567',10,'[0.42857142857142855, 0.5714285714285714, 0.2857142857142857, 0.2857142857142857, 0.2857142857142857, 0.14285714285714285, 0.2857142857142857, 0.5714285714285714, 0.42857142857142855, 0.2857142857142857]',0.285714285714286),(24,0.333333333333333,71,'2016-04-24 04:07:42.267288',10,'[0.5, 0.375, 0.25, 0.375, 0.25, 0.25, 0.375, 0.25, 0.375, 0.5]',0.5),(25,0.402777777777778,72,'2016-04-24 04:09:07.043477',10,'[0.5, 0.625, 0.375, 0.375, 0.375, 0.25, 0.25, 0.625, 0.25, 0.375]',0.375),(26,0.375,74,'2016-04-24 04:10:54.806219',10,'[0.625, 0.5, 0.5, 0.25, 0.25, 0.125, 0.375, 0.375, 0.375, 0.375]',0.375),(27,0.430555555555556,75,'2016-04-24 04:12:15.094833',10,'[0.75, 0.5, 0.375, 0.25, 0.25, 0.25, 0.375, 0.5, 0.625, 0.25]',0.25),(28,0.416666666666667,77,'2016-04-24 04:22:01.249313',10,'[0.5, 0.25, 0.5, 0.5, 0.625, 0.5, 0.375, 0.125, 0.375, 0.375]',0.375);
/*!40000 ALTER TABLE `education_training` ENABLE KEYS */;
UNLOCK TABLES;

--
-- Table structure for table `education_userprofile`
--

DROP TABLE IF EXISTS `education_userprofile`;
/*!40101 SET @saved_cs_client     = @@character_set_client */;
/*!40101 SET character_set_client = utf8 */;
CREATE TABLE `education_userprofile` (
  `id` int(11) NOT NULL AUTO_INCREMENT,
  `age` int(11) DEFAULT NULL,
  `hobby` longtext,
  `character` int(11) DEFAULT NULL,
  `created` datetime(6) NOT NULL,
  `user_id` int(11) NOT NULL,
  PRIMARY KEY (`id`),
  UNIQUE KEY `user_id` (`user_id`),
  KEY `education_userprofile_e2fa5388` (`created`),
  CONSTRAINT `education_userprofile_user_id_70be6377aba931e5_fk_auth_user_id` FOREIGN KEY (`user_id`) REFERENCES `auth_user` (`id`)
) ENGINE=InnoDB AUTO_INCREMENT=38 DEFAULT CHARSET=utf8;
/*!40101 SET character_set_client = @saved_cs_client */;

--
-- Dumping data for table `education_userprofile`
--

LOCK TABLES `education_userprofile` WRITE;
/*!40000 ALTER TABLE `education_userprofile` DISABLE KEYS */;
INSERT INTO `education_userprofile` VALUES (1,30,NULL,NULL,'2016-03-21 05:45:43.760183',7),(2,28,NULL,NULL,'2016-03-21 05:56:09.749301',8),(3,30,'art',NULL,'2016-03-21 05:58:48.576384',9),(4,20,'art',NULL,'2016-03-21 06:03:45.562105',10),(5,20,'drawing, reading',NULL,'2016-03-22 02:50:46.975319',11),(6,20,'art',NULL,'2016-03-22 03:04:36.897904',12),(7,10,'aaaaa',NULL,'2016-03-22 23:27:39.639765',13),(8,10,'art',NULL,'2016-03-22 23:33:30.286988',14),(9,10,'hiking',NULL,'2016-03-28 02:55:24.286428',15),(10,10,'art, tennis',NULL,'2016-03-31 01:48:59.098254',16),(11,10,'art',NULL,'2016-04-03 03:31:19.159937',17),(12,7,'fff',NULL,'2016-04-03 03:33:09.868652',18),(13,7,'eeee',NULL,'2016-04-03 04:57:43.803346',19),(14,7,'dddd',NULL,'2016-04-03 18:21:30.392161',20),(15,7,'ddd',NULL,'2016-04-03 18:26:44.000219',21),(16,5,'eee',NULL,'2016-04-03 18:28:00.162340',22),(17,5,'art',NULL,'2016-04-04 02:44:48.220544',23),(18,5,'Art',NULL,'2016-04-04 04:42:41.566200',24),(19,5,'art',NULL,'2016-04-06 19:31:33.200509',25),(20,30,'art',NULL,'2016-04-11 02:39:57.235375',26),(21,20,'math',NULL,'2016-04-11 20:53:45.709235',27),(22,10,'eee',NULL,'2016-04-11 20:57:06.412818',28),(23,7,'eee',NULL,'2016-04-11 21:09:30.496063',29),(24,5,'eee',NULL,'2016-04-11 21:16:19.381771',30),(25,4,'eeee',NULL,'2016-04-11 21:41:46.843794',31),(26,4,'eee',NULL,'2016-04-11 23:22:12.538281',32),(27,4,'eee',NULL,'2016-04-11 23:23:21.186622',33),(28,4,'eee',NULL,'2016-04-11 23:24:02.262495',35),(29,4,'eee',NULL,'2016-04-11 23:24:56.111371',36),(30,4,'eee',NULL,'2016-04-11 23:27:07.019578',37),(31,5,'art',NULL,'2016-04-12 02:45:55.458117',38),(32,4,'rrrr',NULL,'2016-04-13 21:17:55.266526',39),(33,4,'wwww',NULL,'2016-04-13 22:51:35.909773',41),(34,5,'eee',NULL,'2016-04-17 01:54:27.861975',42),(35,4,'art',NULL,'2016-04-17 02:05:47.575835',43),(36,5,'art',NULL,'2016-04-18 04:39:03.347832',44),(37,5,'art',NULL,'2016-04-24 02:20:26.966327',45);
/*!40000 ALTER TABLE `education_userprofile` ENABLE KEYS */;
UNLOCK TABLES;
/*!40103 SET TIME_ZONE=@OLD_TIME_ZONE */;

/*!40101 SET SQL_MODE=@OLD_SQL_MODE */;
/*!40014 SET FOREIGN_KEY_CHECKS=@OLD_FOREIGN_KEY_CHECKS */;
/*!40014 SET UNIQUE_CHECKS=@OLD_UNIQUE_CHECKS */;
/*!40101 SET CHARACTER_SET_CLIENT=@OLD_CHARACTER_SET_CLIENT */;
/*!40101 SET CHARACTER_SET_RESULTS=@OLD_CHARACTER_SET_RESULTS */;
/*!40101 SET COLLATION_CONNECTION=@OLD_COLLATION_CONNECTION */;
/*!40111 SET SQL_NOTES=@OLD_SQL_NOTES */;

-- Dump completed on 2016-04-24 19:48:56
